"","participant","question_id","item_id","condition","response","rform","ws"
"1","1","Q1","F22","noVBothNom",1,"nom","both"
"2","1","Q2","F7","VOneNun",2,"nun","one"
"3","1","Q3","C16","BothLul",1,"lul","both"
"4","1","Q4","F12","VBothNun",2,"nun","both"
"5","1","Q5","C23","OneNun",2,"nun","one"
"6","1","Q6","F6","VBothNom",1,"nom","both"
"7","1","Q7","C19","OneNun",2,"nun","one"
"8","1","Q8","C2","OneLul",1,"lul","one"
"9","1","Q9","F15","noVOneNun",2,"nun","one"
"10","1","Q11","F24","noVBothNun",2,"nun","both"
"11","1","Q12","C11","BothNun",2,"nun","both"
"12","1","Q13","C7","BothLul",1,"lul","both"
"13","1","Q14","F9","VOneNom",1,"nom","one"
"14","1","Q15","C3","BothNun",2,"nun","both"
"15","1","Q16","F20","noVBothNun",2,"nun","both"
"16","1","Q17","C15","OneNun",2,"nun","one"
"17","1","Q18","F2","VBothNom",1,"nom","both"
"18","1","Q19","C22","OneNun",2,"nun","one"
"19","1","Q20","F3","VOneNun",2,"nun","one"
"20","1","Q22","C14","OneLul",1,"lul","one"
"21","1","Q23","F1","VOneNom",1,"nom","one"
"22","1","Q24","F10","VBothNom",1,"nom","both"
"23","1","Q25","C1","OneLul",1,"lul","one"
"24","1","Q26","C8","BothNun",2,"nun","both"
"25","1","Q27","F17","noVOneNom",1,"nom","one"
"26","1","Q28","F16","noVBothNun",2,"nun","both"
"27","1","Q29","C10","BothLul",1,"lul","both"
"28","1","Q30","C5","BothNun",2,"nun","both"
"29","1","Q31","F18","noVBothNom",1,"nom","both"
"30","1","Q33","F14","noVBothNom",1,"nom","both"
"31","1","Q34","C12","OneNun",2,"nun","one"
"32","1","Q35","C13","BothLul",1,"lul","both"
"33","1","Q36","F5","VOneNom",1,"nom","one"
"34","1","Q37","C9","BothLul",1,"lul","both"
"35","1","Q38","C17","OneLul",1,"lul","one"
"36","1","Q39","F23","noVOneNun",2,"nun","one"
"37","1","Q40","C18","BothNun",2,"nun","both"
"38","1","Q41","F13","noVOneNom",1,"nom","one"
"39","1","Q42","C6","OneLul",1,"lul","one"
"40","1","Q44","C4","OneLul",1,"lul","one"
"41","1","Q45","F4","VBothNun",2,"nun","both"
"42","1","Q46","C21","OneNun",2,"nun","one"
"43","1","Q47","F11","VOneNun",2,"nun","one"
"44","1","Q48","C24","BothNun",2,"nun","both"
"45","1","Q49","F21","noVOneNom",1,"nom","one"
"46","1","Q50","C20","BothLul",1,"lul","both"
"47","1","Q51","F8","VBothNun",2,"nun","both"
"48","1","Q52","F19","noVOneNun",2,"nun","one"
"49","2","Q1","F22","noVBothNom",1,"nom","both"
"50","2","Q2","F7","VOneNun",1,"nun","one"
"51","2","Q3","C16","BothLul",2,"lul","both"
"52","2","Q4","F12","VBothNun",1,"nun","both"
"53","2","Q5","C23","OneNun",2,"nun","one"
"54","2","Q6","F6","VBothNom",1,"nom","both"
"55","2","Q7","C19","OneNun",1,"nun","one"
"56","2","Q8","C2","OneLul",1,"lul","one"
"57","2","Q9","F15","noVOneNun",1,"nun","one"
"58","2","Q11","F24","noVBothNun",2,"nun","both"
"59","2","Q12","C11","BothNun",2,"nun","both"
"60","2","Q13","C7","BothLul",1,"lul","both"
"61","2","Q14","F9","VOneNom",1,"nom","one"
"62","2","Q15","C3","BothNun",2,"nun","both"
"63","2","Q16","F20","noVBothNun",2,"nun","both"
"64","2","Q17","C15","OneNun",1,"nun","one"
"65","2","Q18","F2","VBothNom",1,"nom","both"
"66","2","Q19","C22","OneNun",1,"nun","one"
"67","2","Q20","F3","VOneNun",1,"nun","one"
"68","2","Q22","C14","OneLul",1,"lul","one"
"69","2","Q23","F1","VOneNom",1,"nom","one"
"70","2","Q24","F10","VBothNom",1,"nom","both"
"71","2","Q25","C1","OneLul",1,"lul","one"
"72","2","Q26","C8","BothNun",2,"nun","both"
"73","2","Q27","F17","noVOneNom",1,"nom","one"
"74","2","Q28","F16","noVBothNun",1,"nun","both"
"75","2","Q29","C10","BothLul",1,"lul","both"
"76","2","Q30","C5","BothNun",2,"nun","both"
"77","2","Q31","F18","noVBothNom",1,"nom","both"
"78","2","Q33","F14","noVBothNom",1,"nom","both"
"79","2","Q34","C12","OneNun",2,"nun","one"
"80","2","Q35","C13","BothLul",1,"lul","both"
"81","2","Q36","F5","VOneNom",1,"nom","one"
"82","2","Q37","C9","BothLul",1,"lul","both"
"83","2","Q38","C17","OneLul",1,"lul","one"
"84","2","Q39","F23","noVOneNun",1,"nun","one"
"85","2","Q40","C18","BothNun",2,"nun","both"
"86","2","Q41","F13","noVOneNom",1,"nom","one"
"87","2","Q42","C6","OneLul",1,"lul","one"
"88","2","Q44","C4","OneLul",1,"lul","one"
"89","2","Q45","F4","VBothNun",1,"nun","both"
"90","2","Q46","C21","OneNun",1,"nun","one"
"91","2","Q47","F11","VOneNun",1,"nun","one"
"92","2","Q48","C24","BothNun",1,"nun","both"
"93","2","Q49","F21","noVOneNom",1,"nom","one"
"94","2","Q50","C20","BothLul",1,"lul","both"
"95","2","Q51","F8","VBothNun",1,"nun","both"
"96","2","Q52","F19","noVOneNun",1,"nun","one"
"97","3","Q1","F22","noVBothNom",1,"nom","both"
"98","3","Q2","F7","VOneNun",1,"nun","one"
"99","3","Q3","C16","BothNun",2,"nun","both"
"100","3","Q4","F12","VBothNun",1,"nun","both"
"101","3","Q5","C23","OneLul",2,"lul","one"
"102","3","Q6","F6","VBothNom",1,"nom","both"
"103","3","Q7","C19","OneLul",2,"lul","one"
"104","3","Q8","C2","OneNun",1,"nun","one"
"105","3","Q9","F15","noVOneNun",2,"nun","one"
"106","3","Q11","F24","noVBothNun",2,"nun","both"
"107","3","Q12","C11","BothLul",2,"lul","both"
"108","3","Q13","C7","BothNun",2,"nun","both"
"109","3","Q14","F9","VOneNom",1,"nom","one"
"110","3","Q15","C3","BothLul",2,"lul","both"
"111","3","Q16","F20","noVBothNun",2,"nun","both"
"112","3","Q17","C15","OneLul",1,"lul","one"
"113","3","Q18","F2","VBothNom",1,"nom","both"
"114","3","Q19","C22","OneLul",1,"lul","one"
"115","3","Q20","F3","VOneNun",1,"nun","one"
"116","3","Q22","C14","OneNun",1,"nun","one"
"117","3","Q23","F1","VOneNom",1,"nom","one"
"118","3","Q24","F10","VBothNom",1,"nom","both"
"119","3","Q25","C1","OneNun",1,"nun","one"
"120","3","Q26","C8","BothLul",2,"lul","both"
"121","3","Q27","F17","noVOneNom",1,"nom","one"
"122","3","Q28","F16","noVBothNun",2,"nun","both"
"123","3","Q29","C10","BothNun",2,"nun","both"
"124","3","Q30","C5","BothLul",2,"lul","both"
"125","3","Q31","F18","noVBothNom",2,"nom","both"
"126","3","Q33","F14","noVBothNom",2,"nom","both"
"127","3","Q34","C12","OneLul",2,"lul","one"
"128","3","Q35","C13","BothNun",2,"nun","both"
"129","3","Q36","F5","VOneNom",1,"nom","one"
"130","3","Q37","C9","BothNun",2,"nun","both"
"131","3","Q38","C17","OneNun",2,"nun","one"
"132","3","Q39","F23","noVOneNun",2,"nun","one"
"133","3","Q40","C18","BothLul",2,"lul","both"
"134","3","Q41","F13","noVOneNom",2,"nom","one"
"135","3","Q42","C6","OneNun",2,"nun","one"
"136","3","Q44","C4","OneNun",2,"nun","one"
"137","3","Q45","F4","VBothNun",1,"nun","both"
"138","3","Q46","C21","OneLul",1,"lul","one"
"139","3","Q47","F11","VOneNun",1,"nun","one"
"140","3","Q48","C24","BothLul",2,"lul","both"
"141","3","Q49","F21","noVOneNom",1,"nom","one"
"142","3","Q50","C20","BothNun",2,"nun","both"
"143","3","Q51","F8","VBothNun",2,"nun","both"
"144","3","Q52","F19","noVOneNun",2,"nun","one"
"145","4","Q1","F22","noVBothNom",1,"nom","both"
"146","4","Q2","F7","VOneNun",1,"nun","one"
"147","4","Q3","C16","BothNun",2,"nun","both"
"148","4","Q4","F12","VBothNun",2,"nun","both"
"149","4","Q5","C23","OneLul",2,"lul","one"
"150","4","Q6","F6","VBothNom",2,"nom","both"
"151","4","Q7","C19","OneLul",1,"lul","one"
"152","4","Q8","C2","OneNun",1,"nun","one"
"153","4","Q9","F15","noVOneNun",2,"nun","one"
"154","4","Q11","F24","noVBothNun",2,"nun","both"
"155","4","Q12","C11","BothLul",2,"lul","both"
"156","4","Q13","C7","BothNun",2,"nun","both"
"157","4","Q14","F9","VOneNom",1,"nom","one"
"158","4","Q15","C3","BothLul",1,"lul","both"
"159","4","Q16","F20","noVBothNun",2,"nun","both"
"160","4","Q17","C15","OneLul",1,"lul","one"
"161","4","Q18","F2","VBothNom",1,"nom","both"
"162","4","Q19","C22","OneLul",1,"lul","one"
"163","4","Q20","F3","VOneNun",1,"nun","one"
"164","4","Q22","C14","OneNun",1,"nun","one"
"165","4","Q23","F1","VOneNom",1,"nom","one"
"166","4","Q24","F10","VBothNom",1,"nom","both"
"167","4","Q25","C1","OneNun",2,"nun","one"
"168","4","Q26","C8","BothLul",2,"lul","both"
"169","4","Q27","F17","noVOneNom",1,"nom","one"
"170","4","Q28","F16","noVBothNun",2,"nun","both"
"171","4","Q29","C10","BothNun",2,"nun","both"
"172","4","Q30","C5","BothLul",1,"lul","both"
"173","4","Q31","F18","noVBothNom",2,"nom","both"
"174","4","Q33","F14","noVBothNom",2,"nom","both"
"175","4","Q34","C12","OneLul",1,"lul","one"
"176","4","Q35","C13","BothNun",2,"nun","both"
"177","4","Q36","F5","VOneNom",1,"nom","one"
"178","4","Q37","C9","BothNun",2,"nun","both"
"179","4","Q38","C17","OneNun",2,"nun","one"
"180","4","Q39","F23","noVOneNun",2,"nun","one"
"181","4","Q40","C18","BothLul",2,"lul","both"
"182","4","Q41","F13","noVOneNom",1,"nom","one"
"183","4","Q42","C6","OneNun",1,"nun","one"
"184","4","Q44","C4","OneNun",2,"nun","one"
"185","4","Q45","F4","VBothNun",1,"nun","both"
"186","4","Q46","C21","OneLul",1,"lul","one"
"187","4","Q47","F11","VOneNun",1,"nun","one"
"188","4","Q48","C24","BothLul",2,"lul","both"
"189","4","Q49","F21","noVOneNom",1,"nom","one"
"190","4","Q50","C20","BothNun",2,"nun","both"
"191","4","Q51","F8","VBothNun",2,"nun","both"
"192","4","Q52","F19","noVOneNun",2,"nun","one"
"193","5","Q1","F22","noVBothNom",1,"nom","both"
"194","5","Q2","F7","VOneNun",1,"nun","one"
"195","5","Q3","C16","OneNun",2,"nun","one"
"196","5","Q4","F12","VBothNun",2,"nun","both"
"197","5","Q5","C23","BothLul",1,"lul","both"
"198","5","Q6","F6","VBothNom",2,"nom","both"
"199","5","Q7","C19","BothLul",2,"lul","both"
"200","5","Q8","C2","BothNun",1,"nun","both"
"201","5","Q9","F15","noVOneNun",2,"nun","one"
"202","5","Q11","F24","noVBothNun",2,"nun","both"
"203","5","Q12","C11","OneLul",1,"lul","one"
"204","5","Q13","C7","OneNun",1,"nun","one"
"205","5","Q14","F9","VOneNom",1,"nom","one"
"206","5","Q15","C3","OneLul",2,"lul","one"
"207","5","Q16","F20","noVBothNun",2,"nun","both"
"208","5","Q17","C15","BothLul",2,"lul","both"
"209","5","Q18","F2","VBothNom",1,"nom","both"
"210","5","Q19","C22","BothLul",2,"lul","both"
"211","5","Q20","F3","VOneNun",1,"nun","one"
"212","5","Q22","C14","BothNun",2,"nun","both"
"213","5","Q23","F1","VOneNom",1,"nom","one"
"214","5","Q24","F10","VBothNom",1,"nom","both"
"215","5","Q25","C1","BothNun",2,"nun","both"
"216","5","Q26","C8","OneLul",2,"lul","one"
"217","5","Q27","F17","noVOneNom",1,"nom","one"
"218","5","Q28","F16","noVBothNun",2,"nun","both"
"219","5","Q29","C10","OneNun",2,"nun","one"
"220","5","Q30","C5","OneLul",1,"lul","one"
"221","5","Q31","F18","noVBothNom",1,"nom","both"
"222","5","Q33","F14","noVBothNom",2,"nom","both"
"223","5","Q34","C12","BothLul",2,"lul","both"
"224","5","Q35","C13","OneNun",2,"nun","one"
"225","5","Q36","F5","VOneNom",1,"nom","one"
"226","5","Q37","C9","OneNun",2,"nun","one"
"227","5","Q38","C17","BothNun",2,"nun","both"
"228","5","Q39","F23","noVOneNun",2,"nun","one"
"229","5","Q40","C18","OneLul",1,"lul","one"
"230","5","Q41","F13","noVOneNom",1,"nom","one"
"231","5","Q42","C6","BothNun",2,"nun","both"
"232","5","Q44","C4","BothNun",1,"nun","both"
"233","5","Q45","F4","VBothNun",1,"nun","both"
"234","5","Q46","C21","BothLul",1,"lul","both"
"235","5","Q47","F11","VOneNun",1,"nun","one"
"236","5","Q48","C24","OneLul",1,"lul","one"
"237","5","Q49","F21","noVOneNom",2,"nom","one"
"238","5","Q50","C20","OneNun",1,"nun","one"
"239","5","Q51","F8","VBothNun",2,"nun","both"
"240","5","Q52","F19","noVOneNun",2,"nun","one"
"241","6","Q1","F22","noVBothNom",2,"nom","both"
"242","6","Q2","F7","VOneNun",2,"nun","one"
"243","6","Q3","C16","OneNun",2,"nun","one"
"244","6","Q4","F12","VBothNun",2,"nun","both"
"245","6","Q5","C23","BothLul",2,"lul","both"
"246","6","Q6","F6","VBothNom",2,"nom","both"
"247","6","Q7","C19","BothLul",2,"lul","both"
"248","6","Q8","C2","BothNun",2,"nun","both"
"249","6","Q9","F15","noVOneNun",2,"nun","one"
"250","6","Q11","F24","noVBothNun",2,"nun","both"
"251","6","Q12","C11","OneLul",2,"lul","one"
"252","6","Q13","C7","OneNun",2,"nun","one"
"253","6","Q14","F9","VOneNom",1,"nom","one"
"254","6","Q15","C3","OneLul",2,"lul","one"
"255","6","Q16","F20","noVBothNun",2,"nun","both"
"256","6","Q17","C15","BothLul",2,"lul","both"
"257","6","Q18","F2","VBothNom",1,"nom","both"
"258","6","Q19","C22","BothLul",2,"lul","both"
"259","6","Q20","F3","VOneNun",1,"nun","one"
"260","6","Q22","C14","BothNun",2,"nun","both"
"261","6","Q23","F1","VOneNom",1,"nom","one"
"262","6","Q24","F10","VBothNom",1,"nom","both"
"263","6","Q25","C1","BothNun",2,"nun","both"
"264","6","Q26","C8","OneLul",2,"lul","one"
"265","6","Q27","F17","noVOneNom",1,"nom","one"
"266","6","Q28","F16","noVBothNun",2,"nun","both"
"267","6","Q29","C10","OneNun",2,"nun","one"
"268","6","Q30","C5","OneLul",2,"lul","one"
"269","6","Q31","F18","noVBothNom",2,"nom","both"
"270","6","Q33","F14","noVBothNom",2,"nom","both"
"271","6","Q34","C12","BothLul",2,"lul","both"
"272","6","Q35","C13","OneNun",2,"nun","one"
"273","6","Q36","F5","VOneNom",1,"nom","one"
"274","6","Q37","C9","OneNun",1,"nun","one"
"275","6","Q38","C17","BothNun",2,"nun","both"
"276","6","Q39","F23","noVOneNun",2,"nun","one"
"277","6","Q40","C18","OneLul",2,"lul","one"
"278","6","Q41","F13","noVOneNom",1,"nom","one"
"279","6","Q42","C6","BothNun",2,"nun","both"
"280","6","Q44","C4","BothNun",2,"nun","both"
"281","6","Q45","F4","VBothNun",1,"nun","both"
"282","6","Q46","C21","BothLul",2,"lul","both"
"283","6","Q47","F11","VOneNun",1,"nun","one"
"284","6","Q48","C24","OneLul",2,"lul","one"
"285","6","Q49","F21","noVOneNom",2,"nom","one"
"286","6","Q50","C20","OneNun",2,"nun","one"
"287","6","Q51","F8","VBothNun",2,"nun","both"
"288","6","Q52","F19","noVOneNun",2,"nun","one"
"289","7","Q1","F22","noVBothNom",2,"nom","both"
"290","7","Q2","F7","VOneNun",2,"nun","one"
"291","7","Q3","C16","BothLul",2,"lul","both"
"292","7","Q4","F12","VBothNun",2,"nun","both"
"293","7","Q5","C23","OneNun",1,"nun","one"
"294","7","Q6","F6","VBothNom",2,"nom","both"
"295","7","Q7","C19","OneNun",1,"nun","one"
"296","7","Q8","C2","OneLul",1,"lul","one"
"297","7","Q9","F15","noVOneNun",2,"nun","one"
"298","7","Q11","F24","noVBothNun",2,"nun","both"
"299","7","Q12","C11","BothNun",2,"nun","both"
"300","7","Q13","C7","BothLul",2,"lul","both"
"301","7","Q14","F9","VOneNom",1,"nom","one"
"302","7","Q15","C3","BothNun",2,"nun","both"
"303","7","Q16","F20","noVBothNun",2,"nun","both"
"304","7","Q17","C15","OneNun",1,"nun","one"
"305","7","Q18","F2","VBothNom",1,"nom","both"
"306","7","Q19","C22","OneNun",1,"nun","one"
"307","7","Q20","F3","VOneNun",1,"nun","one"
"308","7","Q22","C14","OneLul",1,"lul","one"
"309","7","Q23","F1","VOneNom",1,"nom","one"
"310","7","Q24","F10","VBothNom",1,"nom","both"
"311","7","Q25","C1","OneLul",1,"lul","one"
"312","7","Q26","C8","BothNun",2,"nun","both"
"313","7","Q27","F17","noVOneNom",1,"nom","one"
"314","7","Q28","F16","noVBothNun",2,"nun","both"
"315","7","Q29","C10","BothLul",2,"lul","both"
"316","7","Q30","C5","BothNun",2,"nun","both"
"317","7","Q31","F18","noVBothNom",2,"nom","both"
"318","7","Q33","F14","noVBothNom",2,"nom","both"
"319","7","Q34","C12","OneNun",1,"nun","one"
"320","7","Q35","C13","BothLul",2,"lul","both"
"321","7","Q36","F5","VOneNom",1,"nom","one"
"322","7","Q37","C9","BothLul",2,"lul","both"
"323","7","Q38","C17","OneLul",1,"lul","one"
"324","7","Q39","F23","noVOneNun",2,"nun","one"
"325","7","Q40","C18","BothNun",2,"nun","both"
"326","7","Q41","F13","noVOneNom",1,"nom","one"
"327","7","Q42","C6","OneLul",1,"lul","one"
"328","7","Q44","C4","OneLul",1,"lul","one"
"329","7","Q45","F4","VBothNun",1,"nun","both"
"330","7","Q46","C21","OneNun",1,"nun","one"
"331","7","Q47","F11","VOneNun",1,"nun","one"
"332","7","Q48","C24","BothNun",2,"nun","both"
"333","7","Q49","F21","noVOneNom",1,"nom","one"
"334","7","Q50","C20","BothLul",2,"lul","both"
"335","7","Q51","F8","VBothNun",2,"nun","both"
"336","7","Q52","F19","noVOneNun",2,"nun","one"
"337","8","Q1","F22","noVBothNom",1,"nom","both"
"338","8","Q2","F7","VOneNun",2,"nun","one"
"339","8","Q3","C16","OneLul",1,"lul","one"
"340","8","Q4","F12","VBothNun",1,"nun","both"
"341","8","Q5","C23","BothNun",2,"nun","both"
"342","8","Q6","F6","VBothNom",1,"nom","both"
"343","8","Q7","C19","BothNun",2,"nun","both"
"344","8","Q8","C2","BothLul",2,"lul","both"
"345","8","Q9","F15","noVOneNun",2,"nun","one"
"346","8","Q11","F24","noVBothNun",2,"nun","both"
"347","8","Q12","C11","OneNun",1,"nun","one"
"348","8","Q13","C7","OneLul",1,"lul","one"
"349","8","Q14","F9","VOneNom",1,"nom","one"
"350","8","Q15","C3","OneNun",2,"nun","one"
"351","8","Q16","F20","noVBothNun",2,"nun","both"
"352","8","Q17","C15","BothNun",2,"nun","both"
"353","8","Q18","F2","VBothNom",1,"nom","both"
"354","8","Q19","C22","BothNun",2,"nun","both"
"355","8","Q20","F3","VOneNun",1,"nun","one"
"356","8","Q22","C14","BothLul",2,"lul","both"
"357","8","Q23","F1","VOneNom",1,"nom","one"
"358","8","Q24","F10","VBothNom",1,"nom","both"
"359","8","Q25","C1","BothLul",1,"lul","both"
"360","8","Q26","C8","OneNun",1,"nun","one"
"361","8","Q27","F17","noVOneNom",1,"nom","one"
"362","8","Q28","F16","noVBothNun",2,"nun","both"
"363","8","Q29","C10","OneLul",1,"lul","one"
"364","8","Q30","C5","OneNun",1,"nun","one"
"365","8","Q31","F18","noVBothNom",1,"nom","both"
"366","8","Q33","F14","noVBothNom",2,"nom","both"
"367","8","Q34","C12","BothNun",2,"nun","both"
"368","8","Q35","C13","OneLul",1,"lul","one"
"369","8","Q36","F5","VOneNom",1,"nom","one"
"370","8","Q37","C9","OneLul",1,"lul","one"
"371","8","Q38","C17","BothLul",1,"lul","both"
"372","8","Q39","F23","noVOneNun",2,"nun","one"
"373","8","Q40","C18","OneNun",1,"nun","one"
"374","8","Q41","F13","noVOneNom",1,"nom","one"
"375","8","Q42","C6","BothLul",2,"lul","both"
"376","8","Q44","C4","BothLul",2,"lul","both"
"377","8","Q45","F4","VBothNun",2,"nun","both"
"378","8","Q46","C21","BothNun",2,"nun","both"
"379","8","Q47","F11","VOneNun",1,"nun","one"
"380","8","Q48","C24","OneNun",1,"nun","one"
"381","8","Q49","F21","noVOneNom",1,"nom","one"
"382","8","Q50","C20","OneLul",1,"lul","one"
"383","8","Q51","F8","VBothNun",2,"nun","both"
"384","8","Q52","F19","noVOneNun",2,"nun","one"
"385","9","Q1","F22","noVBothNom",2,"nom","both"
"386","9","Q2","F7","VOneNun",2,"nun","one"
"387","9","Q3","C16","OneLul",2,"lul","one"
"388","9","Q4","F12","VBothNun",2,"nun","both"
"389","9","Q5","C23","BothNun",2,"nun","both"
"390","9","Q6","F6","VBothNom",2,"nom","both"
"391","9","Q7","C19","BothNun",2,"nun","both"
"392","9","Q8","C2","BothLul",2,"lul","both"
"393","9","Q9","F15","noVOneNun",2,"nun","one"
"394","9","Q11","F24","noVBothNun",2,"nun","both"
"395","9","Q12","C11","OneNun",1,"nun","one"
"396","9","Q13","C7","OneLul",2,"lul","one"
"397","9","Q14","F9","VOneNom",1,"nom","one"
"398","9","Q15","C3","OneNun",2,"nun","one"
"399","9","Q16","F20","noVBothNun",2,"nun","both"
"400","9","Q17","C15","BothNun",2,"nun","both"
"401","9","Q18","F2","VBothNom",2,"nom","both"
"402","9","Q19","C22","BothNun",2,"nun","both"
"403","9","Q20","F3","VOneNun",2,"nun","one"
"404","9","Q22","C14","BothLul",2,"lul","both"
"405","9","Q23","F1","VOneNom",1,"nom","one"
"406","9","Q24","F10","VBothNom",1,"nom","both"
"407","9","Q25","C1","BothLul",2,"lul","both"
"408","9","Q26","C8","OneNun",2,"nun","one"
"409","9","Q27","F17","noVOneNom",2,"nom","one"
"410","9","Q28","F16","noVBothNun",2,"nun","both"
"411","9","Q29","C10","OneLul",2,"lul","one"
"412","9","Q30","C5","OneNun",2,"nun","one"
"413","9","Q31","F18","noVBothNom",1,"nom","both"
"414","9","Q33","F14","noVBothNom",1,"nom","both"
"415","9","Q34","C12","BothNun",2,"nun","both"
"416","9","Q35","C13","OneLul",2,"lul","one"
"417","9","Q36","F5","VOneNom",1,"nom","one"
"418","9","Q37","C9","OneLul",1,"lul","one"
"419","9","Q38","C17","BothLul",2,"lul","both"
"420","9","Q39","F23","noVOneNun",2,"nun","one"
"421","9","Q40","C18","OneNun",2,"nun","one"
"422","9","Q41","F13","noVOneNom",1,"nom","one"
"423","9","Q42","C6","BothLul",2,"lul","both"
"424","9","Q44","C4","BothLul",2,"lul","both"
"425","9","Q45","F4","VBothNun",1,"nun","both"
"426","9","Q46","C21","BothNun",2,"nun","both"
"427","9","Q47","F11","VOneNun",2,"nun","one"
"428","9","Q48","C24","OneNun",2,"nun","one"
"429","9","Q49","F21","noVOneNom",1,"nom","one"
"430","9","Q50","C20","OneLul",2,"lul","one"
"431","9","Q51","F8","VBothNun",2,"nun","both"
"432","9","Q52","F19","noVOneNun",2,"nun","one"
"433","11","Q1","F22","noVBothNom",2,"nom","both"
"434","11","Q2","F7","VOneNun",2,"nun","one"
"435","11","Q3","C16","OneLul",2,"lul","one"
"436","11","Q4","F12","VBothNun",1,"nun","both"
"437","11","Q5","C23","BothNun",2,"nun","both"
"438","11","Q6","F6","VBothNom",2,"nom","both"
"439","11","Q7","C19","BothNun",2,"nun","both"
"440","11","Q8","C2","BothLul",2,"lul","both"
"441","11","Q9","F15","noVOneNun",2,"nun","one"
"442","11","Q11","F24","noVBothNun",1,"nun","both"
"443","11","Q12","C11","OneNun",1,"nun","one"
"444","11","Q13","C7","OneLul",1,"lul","one"
"445","11","Q14","F9","VOneNom",1,"nom","one"
"446","11","Q15","C3","OneNun",2,"nun","one"
"447","11","Q16","F20","noVBothNun",2,"nun","both"
"448","11","Q17","C15","BothNun",2,"nun","both"
"449","11","Q18","F2","VBothNom",1,"nom","both"
"450","11","Q19","C22","BothNun",2,"nun","both"
"451","11","Q20","F3","VOneNun",1,"nun","one"
"452","11","Q22","C14","BothLul",2,"lul","both"
"453","11","Q23","F1","VOneNom",1,"nom","one"
"454","11","Q24","F10","VBothNom",2,"nom","both"
"455","11","Q25","C1","BothLul",2,"lul","both"
"456","11","Q26","C8","OneNun",2,"nun","one"
"457","11","Q27","F17","noVOneNom",1,"nom","one"
"458","11","Q28","F16","noVBothNun",2,"nun","both"
"459","11","Q29","C10","OneLul",1,"lul","one"
"460","11","Q30","C5","OneNun",2,"nun","one"
"461","11","Q31","F18","noVBothNom",2,"nom","both"
"462","11","Q33","F14","noVBothNom",1,"nom","both"
"463","11","Q34","C12","BothNun",2,"nun","both"
"464","11","Q35","C13","OneLul",1,"lul","one"
"465","11","Q36","F5","VOneNom",1,"nom","one"
"466","11","Q37","C9","OneLul",1,"lul","one"
"467","11","Q38","C17","BothLul",2,"lul","both"
"468","11","Q39","F23","noVOneNun",2,"nun","one"
"469","11","Q40","C18","OneNun",2,"nun","one"
"470","11","Q41","F13","noVOneNom",1,"nom","one"
"471","11","Q42","C6","BothLul",2,"lul","both"
"472","11","Q44","C4","BothLul",2,"lul","both"
"473","11","Q45","F4","VBothNun",1,"nun","both"
"474","11","Q46","C21","BothNun",2,"nun","both"
"475","11","Q47","F11","VOneNun",1,"nun","one"
"476","11","Q48","C24","OneNun",1,"nun","one"
"477","11","Q49","F21","noVOneNom",1,"nom","one"
"478","11","Q50","C20","OneLul",1,"lul","one"
"479","11","Q51","F8","VBothNun",2,"nun","both"
"480","11","Q52","F19","noVOneNun",2,"nun","one"
"481","12","Q1","F22","noVBothNom",1,"nom","both"
"482","12","Q2","F7","VOneNun",1,"nun","one"
"483","12","Q3","C16","OneLul",2,"lul","one"
"484","12","Q4","F12","VBothNun",2,"nun","both"
"485","12","Q5","C23","BothNun",2,"nun","both"
"486","12","Q6","F6","VBothNom",2,"nom","both"
"487","12","Q7","C19","BothNun",2,"nun","both"
"488","12","Q8","C2","BothLul",2,"lul","both"
"489","12","Q9","F15","noVOneNun",2,"nun","one"
"490","12","Q11","F24","noVBothNun",2,"nun","both"
"491","12","Q12","C11","OneNun",2,"nun","one"
"492","12","Q13","C7","OneLul",2,"lul","one"
"493","12","Q14","F9","VOneNom",1,"nom","one"
"494","12","Q15","C3","OneNun",2,"nun","one"
"495","12","Q16","F20","noVBothNun",2,"nun","both"
"496","12","Q17","C15","BothNun",2,"nun","both"
"497","12","Q18","F2","VBothNom",2,"nom","both"
"498","12","Q19","C22","BothNun",2,"nun","both"
"499","12","Q20","F3","VOneNun",1,"nun","one"
"500","12","Q22","C14","BothLul",2,"lul","both"
"501","12","Q23","F1","VOneNom",1,"nom","one"
"502","12","Q24","F10","VBothNom",1,"nom","both"
"503","12","Q25","C1","BothLul",2,"lul","both"
"504","12","Q26","C8","OneNun",2,"nun","one"
"505","12","Q27","F17","noVOneNom",1,"nom","one"
"506","12","Q28","F16","noVBothNun",2,"nun","both"
"507","12","Q29","C10","OneLul",2,"lul","one"
"508","12","Q30","C5","OneNun",2,"nun","one"
"509","12","Q31","F18","noVBothNom",2,"nom","both"
"510","12","Q33","F14","noVBothNom",2,"nom","both"
"511","12","Q34","C12","BothNun",2,"nun","both"
"512","12","Q35","C13","OneLul",2,"lul","one"
"513","12","Q36","F5","VOneNom",1,"nom","one"
"514","12","Q37","C9","OneLul",2,"lul","one"
"515","12","Q38","C17","BothLul",2,"lul","both"
"516","12","Q39","F23","noVOneNun",2,"nun","one"
"517","12","Q40","C18","OneNun",2,"nun","one"
"518","12","Q41","F13","noVOneNom",1,"nom","one"
"519","12","Q42","C6","BothLul",2,"lul","both"
"520","12","Q44","C4","BothLul",2,"lul","both"
"521","12","Q45","F4","VBothNun",1,"nun","both"
"522","12","Q46","C21","BothNun",2,"nun","both"
"523","12","Q47","F11","VOneNun",1,"nun","one"
"524","12","Q48","C24","OneNun",1,"nun","one"
"525","12","Q49","F21","noVOneNom",2,"nom","one"
"526","12","Q50","C20","OneLul",2,"lul","one"
"527","12","Q51","F8","VBothNun",2,"nun","both"
"528","12","Q52","F19","noVOneNun",2,"nun","one"
"529","13","Q1","F22","noVBothNom",2,"nom","both"
"530","13","Q2","F7","VOneNun",1,"nun","one"
"531","13","Q3","C16","BothLul",2,"lul","both"
"532","13","Q4","F12","VBothNun",2,"nun","both"
"533","13","Q5","C23","OneNun",1,"nun","one"
"534","13","Q6","F6","VBothNom",2,"nom","both"
"535","13","Q7","C19","OneNun",1,"nun","one"
"536","13","Q8","C2","OneLul",1,"lul","one"
"537","13","Q9","F15","noVOneNun",2,"nun","one"
"538","13","Q11","F24","noVBothNun",2,"nun","both"
"539","13","Q12","C11","BothNun",2,"nun","both"
"540","13","Q13","C7","BothLul",2,"lul","both"
"541","13","Q14","F9","VOneNom",1,"nom","one"
"542","13","Q15","C3","BothNun",2,"nun","both"
"543","13","Q16","F20","noVBothNun",2,"nun","both"
"544","13","Q17","C15","OneNun",1,"nun","one"
"545","13","Q18","F2","VBothNom",2,"nom","both"
"546","13","Q19","C22","OneNun",1,"nun","one"
"547","13","Q20","F3","VOneNun",1,"nun","one"
"548","13","Q22","C14","OneLul",1,"lul","one"
"549","13","Q23","F1","VOneNom",1,"nom","one"
"550","13","Q24","F10","VBothNom",2,"nom","both"
"551","13","Q25","C1","OneLul",1,"lul","one"
"552","13","Q26","C8","BothNun",2,"nun","both"
"553","13","Q27","F17","noVOneNom",1,"nom","one"
"554","13","Q28","F16","noVBothNun",1,"nun","both"
"555","13","Q29","C10","BothLul",2,"lul","both"
"556","13","Q30","C5","BothNun",2,"nun","both"
"557","13","Q31","F18","noVBothNom",2,"nom","both"
"558","13","Q33","F14","noVBothNom",2,"nom","both"
"559","13","Q34","C12","OneNun",1,"nun","one"
"560","13","Q35","C13","BothLul",2,"lul","both"
"561","13","Q36","F5","VOneNom",1,"nom","one"
"562","13","Q37","C9","BothLul",2,"lul","both"
"563","13","Q38","C17","OneLul",2,"lul","one"
"564","13","Q39","F23","noVOneNun",1,"nun","one"
"565","13","Q40","C18","BothNun",2,"nun","both"
"566","13","Q41","F13","noVOneNom",1,"nom","one"
"567","13","Q42","C6","OneLul",1,"lul","one"
"568","13","Q44","C4","OneLul",1,"lul","one"
"569","13","Q45","F4","VBothNun",2,"nun","both"
"570","13","Q46","C21","OneNun",1,"nun","one"
"571","13","Q47","F11","VOneNun",1,"nun","one"
"572","13","Q48","C24","BothNun",2,"nun","both"
"573","13","Q49","F21","noVOneNom",1,"nom","one"
"574","13","Q50","C20","BothLul",2,"lul","both"
"575","13","Q51","F8","VBothNun",2,"nun","both"
"576","13","Q52","F19","noVOneNun",1,"nun","one"
"577","14","Q1","F22","noVBothNom",1,"nom","both"
"578","14","Q2","F7","VOneNun",2,"nun","one"
"579","14","Q3","C16","BothNun",2,"nun","both"
"580","14","Q4","F12","VBothNun",1,"nun","both"
"581","14","Q5","C23","OneLul",1,"lul","one"
"582","14","Q6","F6","VBothNom",1,"nom","both"
"583","14","Q7","C19","OneLul",1,"lul","one"
"584","14","Q8","C2","OneNun",2,"nun","one"
"585","14","Q9","F15","noVOneNun",2,"nun","one"
"586","14","Q11","F24","noVBothNun",2,"nun","both"
"587","14","Q12","C11","BothLul",2,"lul","both"
"588","14","Q13","C7","BothNun",2,"nun","both"
"589","14","Q14","F9","VOneNom",1,"nom","one"
"590","14","Q15","C3","BothLul",1,"lul","both"
"591","14","Q16","F20","noVBothNun",2,"nun","both"
"592","14","Q17","C15","OneLul",1,"lul","one"
"593","14","Q18","F2","VBothNom",1,"nom","both"
"594","14","Q19","C22","OneLul",1,"lul","one"
"595","14","Q20","F3","VOneNun",1,"nun","one"
"596","14","Q22","C14","OneNun",2,"nun","one"
"597","14","Q23","F1","VOneNom",1,"nom","one"
"598","14","Q24","F10","VBothNom",1,"nom","both"
"599","14","Q25","C1","OneNun",2,"nun","one"
"600","14","Q26","C8","BothLul",1,"lul","both"
"601","14","Q27","F17","noVOneNom",1,"nom","one"
"602","14","Q28","F16","noVBothNun",2,"nun","both"
"603","14","Q29","C10","BothNun",2,"nun","both"
"604","14","Q30","C5","BothLul",1,"lul","both"
"605","14","Q31","F18","noVBothNom",1,"nom","both"
"606","14","Q33","F14","noVBothNom",1,"nom","both"
"607","14","Q34","C12","OneLul",1,"lul","one"
"608","14","Q35","C13","BothNun",2,"nun","both"
"609","14","Q36","F5","VOneNom",1,"nom","one"
"610","14","Q37","C9","BothNun",2,"nun","both"
"611","14","Q38","C17","OneNun",2,"nun","one"
"612","14","Q39","F23","noVOneNun",2,"nun","one"
"613","14","Q40","C18","BothLul",1,"lul","both"
"614","14","Q41","F13","noVOneNom",1,"nom","one"
"615","14","Q42","C6","OneNun",2,"nun","one"
"616","14","Q44","C4","OneNun",2,"nun","one"
"617","14","Q45","F4","VBothNun",1,"nun","both"
"618","14","Q46","C21","OneLul",1,"lul","one"
"619","14","Q47","F11","VOneNun",1,"nun","one"
"620","14","Q48","C24","BothLul",1,"lul","both"
"621","14","Q49","F21","noVOneNom",1,"nom","one"
"622","14","Q50","C20","BothNun",2,"nun","both"
"623","14","Q51","F8","VBothNun",1,"nun","both"
"624","14","Q52","F19","noVOneNun",2,"nun","one"
"625","15","Q1","F22","noVBothNom",1,"nom","both"
"626","15","Q2","F7","VOneNun",1,"nun","one"
"627","15","Q3","C16","OneNun",1,"nun","one"
"628","15","Q4","F12","VBothNun",1,"nun","both"
"629","15","Q5","C23","BothLul",2,"lul","both"
"630","15","Q6","F6","VBothNom",2,"nom","both"
"631","15","Q7","C19","BothLul",1,"lul","both"
"632","15","Q8","C2","BothNun",1,"nun","both"
"633","15","Q9","F15","noVOneNun",2,"nun","one"
"634","15","Q11","F24","noVBothNun",2,"nun","both"
"635","15","Q12","C11","OneLul",1,"lul","one"
"636","15","Q13","C7","OneNun",1,"nun","one"
"637","15","Q14","F9","VOneNom",1,"nom","one"
"638","15","Q15","C3","OneLul",1,"lul","one"
"639","15","Q16","F20","noVBothNun",2,"nun","both"
"640","15","Q17","C15","BothLul",1,"lul","both"
"641","15","Q18","F2","VBothNom",1,"nom","both"
"642","15","Q19","C22","BothLul",1,"lul","both"
"643","15","Q20","F3","VOneNun",1,"nun","one"
"644","15","Q22","C14","BothNun",2,"nun","both"
"645","15","Q23","F1","VOneNom",1,"nom","one"
"646","15","Q24","F10","VBothNom",1,"nom","both"
"647","15","Q25","C1","BothNun",2,"nun","both"
"648","15","Q26","C8","OneLul",1,"lul","one"
"649","15","Q27","F17","noVOneNom",1,"nom","one"
"650","15","Q28","F16","noVBothNun",2,"nun","both"
"651","15","Q29","C10","OneNun",2,"nun","one"
"652","15","Q30","C5","OneLul",2,"lul","one"
"653","15","Q31","F18","noVBothNom",1,"nom","both"
"654","15","Q33","F14","noVBothNom",1,"nom","both"
"655","15","Q34","C12","BothLul",1,"lul","both"
"656","15","Q35","C13","OneNun",2,"nun","one"
"657","15","Q36","F5","VOneNom",1,"nom","one"
"658","15","Q37","C9","OneNun",2,"nun","one"
"659","15","Q38","C17","BothNun",2,"nun","both"
"660","15","Q39","F23","noVOneNun",2,"nun","one"
"661","15","Q40","C18","OneLul",1,"lul","one"
"662","15","Q41","F13","noVOneNom",1,"nom","one"
"663","15","Q42","C6","BothNun",2,"nun","both"
"664","15","Q44","C4","BothNun",2,"nun","both"
"665","15","Q45","F4","VBothNun",1,"nun","both"
"666","15","Q46","C21","BothLul",1,"lul","both"
"667","15","Q47","F11","VOneNun",1,"nun","one"
"668","15","Q48","C24","OneLul",1,"lul","one"
"669","15","Q49","F21","noVOneNom",1,"nom","one"
"670","15","Q50","C20","OneNun",1,"nun","one"
"671","15","Q51","F8","VBothNun",2,"nun","both"
"672","15","Q52","F19","noVOneNun",2,"nun","one"
"673","16","Q1","F22","noVBothNom",1,"nom","both"
"674","16","Q2","F7","VOneNun",2,"nun","one"
"675","16","Q3","C16","OneLul",1,"lul","one"
"676","16","Q4","F12","VBothNun",1,"nun","both"
"677","16","Q5","C23","BothNun",2,"nun","both"
"678","16","Q6","F6","VBothNom",1,"nom","both"
"679","16","Q7","C19","BothNun",2,"nun","both"
"680","16","Q8","C2","BothLul",1,"lul","both"
"681","16","Q9","F15","noVOneNun",2,"nun","one"
"682","16","Q11","F24","noVBothNun",2,"nun","both"
"683","16","Q12","C11","OneNun",1,"nun","one"
"684","16","Q13","C7","OneLul",1,"lul","one"
"685","16","Q14","F9","VOneNom",1,"nom","one"
"686","16","Q15","C3","OneNun",2,"nun","one"
"687","16","Q16","F20","noVBothNun",2,"nun","both"
"688","16","Q17","C15","BothNun",2,"nun","both"
"689","16","Q18","F2","VBothNom",1,"nom","both"
"690","16","Q19","C22","BothNun",2,"nun","both"
"691","16","Q20","F3","VOneNun",1,"nun","one"
"692","16","Q22","C14","BothLul",1,"lul","both"
"693","16","Q23","F1","VOneNom",1,"nom","one"
"694","16","Q24","F10","VBothNom",1,"nom","both"
"695","16","Q25","C1","BothLul",1,"lul","both"
"696","16","Q26","C8","OneNun",2,"nun","one"
"697","16","Q27","F17","noVOneNom",1,"nom","one"
"698","16","Q28","F16","noVBothNun",2,"nun","both"
"699","16","Q29","C10","OneLul",1,"lul","one"
"700","16","Q30","C5","OneNun",2,"nun","one"
"701","16","Q31","F18","noVBothNom",1,"nom","both"
"702","16","Q33","F14","noVBothNom",1,"nom","both"
"703","16","Q34","C12","BothNun",2,"nun","both"
"704","16","Q35","C13","OneLul",1,"lul","one"
"705","16","Q36","F5","VOneNom",1,"nom","one"
"706","16","Q37","C9","OneLul",1,"lul","one"
"707","16","Q38","C17","BothLul",1,"lul","both"
"708","16","Q39","F23","noVOneNun",2,"nun","one"
"709","16","Q40","C18","OneNun",2,"nun","one"
"710","16","Q41","F13","noVOneNom",1,"nom","one"
"711","16","Q42","C6","BothLul",1,"lul","both"
"712","16","Q44","C4","BothLul",1,"lul","both"
"713","16","Q45","F4","VBothNun",1,"nun","both"
"714","16","Q46","C21","BothNun",1,"nun","both"
"715","16","Q47","F11","VOneNun",1,"nun","one"
"716","16","Q48","C24","OneNun",1,"nun","one"
"717","16","Q49","F21","noVOneNom",1,"nom","one"
"718","16","Q50","C20","OneLul",1,"lul","one"
"719","16","Q51","F8","VBothNun",1,"nun","both"
"720","16","Q52","F19","noVOneNun",2,"nun","one"
"721","17","Q1","F22","noVBothNom",1,"nom","both"
"722","17","Q2","F7","VOneNun",1,"nun","one"
"723","17","Q3","C16","BothNun",2,"nun","both"
"724","17","Q4","F12","VBothNun",2,"nun","both"
"725","17","Q5","C23","OneLul",1,"lul","one"
"726","17","Q6","F6","VBothNom",2,"nom","both"
"727","17","Q7","C19","OneLul",1,"lul","one"
"728","17","Q8","C2","OneNun",1,"nun","one"
"729","17","Q9","F15","noVOneNun",2,"nun","one"
"730","17","Q11","F24","noVBothNun",2,"nun","both"
"731","17","Q12","C11","BothLul",2,"lul","both"
"732","17","Q13","C7","BothNun",2,"nun","both"
"733","17","Q14","F9","VOneNom",1,"nom","one"
"734","17","Q15","C3","BothLul",2,"lul","both"
"735","17","Q16","F20","noVBothNun",2,"nun","both"
"736","17","Q17","C15","OneLul",1,"lul","one"
"737","17","Q18","F2","VBothNom",1,"nom","both"
"738","17","Q19","C22","OneLul",1,"lul","one"
"739","17","Q20","F3","VOneNun",1,"nun","one"
"740","17","Q22","C14","OneNun",1,"nun","one"
"741","17","Q23","F1","VOneNom",1,"nom","one"
"742","17","Q24","F10","VBothNom",1,"nom","both"
"743","17","Q25","C1","OneNun",1,"nun","one"
"744","17","Q26","C8","BothLul",2,"lul","both"
"745","17","Q27","F17","noVOneNom",1,"nom","one"
"746","17","Q28","F16","noVBothNun",2,"nun","both"
"747","17","Q29","C10","BothNun",2,"nun","both"
"748","17","Q30","C5","BothLul",2,"lul","both"
"749","17","Q31","F18","noVBothNom",1,"nom","both"
"750","17","Q33","F14","noVBothNom",1,"nom","both"
"751","17","Q34","C12","OneLul",2,"lul","one"
"752","17","Q35","C13","BothNun",2,"nun","both"
"753","17","Q36","F5","VOneNom",1,"nom","one"
"754","17","Q37","C9","BothNun",2,"nun","both"
"755","17","Q38","C17","OneNun",1,"nun","one"
"756","17","Q39","F23","noVOneNun",2,"nun","one"
"757","17","Q40","C18","BothLul",2,"lul","both"
"758","17","Q41","F13","noVOneNom",1,"nom","one"
"759","17","Q42","C6","OneNun",1,"nun","one"
"760","17","Q44","C4","OneNun",1,"nun","one"
"761","17","Q45","F4","VBothNun",1,"nun","both"
"762","17","Q46","C21","OneLul",1,"lul","one"
"763","17","Q47","F11","VOneNun",1,"nun","one"
"764","17","Q48","C24","BothLul",2,"lul","both"
"765","17","Q49","F21","noVOneNom",1,"nom","one"
"766","17","Q50","C20","BothNun",2,"nun","both"
"767","17","Q51","F8","VBothNun",2,"nun","both"
"768","17","Q52","F19","noVOneNun",2,"nun","one"
"769","18","Q1","F22","noVBothNom",2,"nom","both"
"770","18","Q2","F7","VOneNun",1,"nun","one"
"771","18","Q3","C16","BothNun",2,"nun","both"
"772","18","Q4","F12","VBothNun",2,"nun","both"
"773","18","Q5","C23","OneLul",1,"lul","one"
"774","18","Q6","F6","VBothNom",2,"nom","both"
"775","18","Q7","C19","OneLul",1,"lul","one"
"776","18","Q8","C2","OneNun",1,"nun","one"
"777","18","Q9","F15","noVOneNun",2,"nun","one"
"778","18","Q11","F24","noVBothNun",2,"nun","both"
"779","18","Q12","C11","BothLul",2,"lul","both"
"780","18","Q13","C7","BothNun",2,"nun","both"
"781","18","Q14","F9","VOneNom",1,"nom","one"
"782","18","Q15","C3","BothLul",2,"lul","both"
"783","18","Q16","F20","noVBothNun",2,"nun","both"
"784","18","Q17","C15","OneLul",1,"lul","one"
"785","18","Q18","F2","VBothNom",1,"nom","both"
"786","18","Q19","C22","OneLul",1,"lul","one"
"787","18","Q20","F3","VOneNun",1,"nun","one"
"788","18","Q22","C14","OneNun",1,"nun","one"
"789","18","Q23","F1","VOneNom",1,"nom","one"
"790","18","Q24","F10","VBothNom",2,"nom","both"
"791","18","Q25","C1","OneNun",2,"nun","one"
"792","18","Q26","C8","BothLul",2,"lul","both"
"793","18","Q27","F17","noVOneNom",1,"nom","one"
"794","18","Q28","F16","noVBothNun",2,"nun","both"
"795","18","Q29","C10","BothNun",2,"nun","both"
"796","18","Q30","C5","BothLul",1,"lul","both"
"797","18","Q31","F18","noVBothNom",2,"nom","both"
"798","18","Q33","F14","noVBothNom",2,"nom","both"
"799","18","Q34","C12","OneLul",1,"lul","one"
"800","18","Q35","C13","BothNun",2,"nun","both"
"801","18","Q36","F5","VOneNom",1,"nom","one"
"802","18","Q37","C9","BothNun",2,"nun","both"
"803","18","Q38","C17","OneNun",1,"nun","one"
"804","18","Q39","F23","noVOneNun",2,"nun","one"
"805","18","Q40","C18","BothLul",2,"lul","both"
"806","18","Q41","F13","noVOneNom",1,"nom","one"
"807","18","Q42","C6","OneNun",2,"nun","one"
"808","18","Q44","C4","OneNun",1,"nun","one"
"809","18","Q45","F4","VBothNun",2,"nun","both"
"810","18","Q46","C21","OneLul",1,"lul","one"
"811","18","Q47","F11","VOneNun",1,"nun","one"
"812","18","Q48","C24","BothLul",2,"lul","both"
"813","18","Q49","F21","noVOneNom",2,"nom","one"
"814","18","Q50","C20","BothNun",2,"nun","both"
"815","18","Q51","F8","VBothNun",2,"nun","both"
"816","18","Q52","F19","noVOneNun",1,"nun","one"
"817","19","Q1","F22","noVBothNom",1,"nom","both"
"818","19","Q2","F7","VOneNun",2,"nun","one"
"819","19","Q3","C16","OneNun",2,"nun","one"
"820","19","Q4","F12","VBothNun",2,"nun","both"
"821","19","Q5","C23","BothLul",1,"lul","both"
"822","19","Q6","F6","VBothNom",1,"nom","both"
"823","19","Q7","C19","BothLul",1,"lul","both"
"824","19","Q8","C2","BothNun",2,"nun","both"
"825","19","Q9","F15","noVOneNun",2,"nun","one"
"826","19","Q11","F24","noVBothNun",2,"nun","both"
"827","19","Q12","C11","OneLul",1,"lul","one"
"828","19","Q13","C7","OneNun",2,"nun","one"
"829","19","Q14","F9","VOneNom",1,"nom","one"
"830","19","Q15","C3","OneLul",1,"lul","one"
"831","19","Q16","F20","noVBothNun",2,"nun","both"
"832","19","Q17","C15","BothLul",1,"lul","both"
"833","19","Q18","F2","VBothNom",1,"nom","both"
"834","19","Q19","C22","BothLul",1,"lul","both"
"835","19","Q20","F3","VOneNun",2,"nun","one"
"836","19","Q22","C14","BothNun",2,"nun","both"
"837","19","Q23","F1","VOneNom",1,"nom","one"
"838","19","Q24","F10","VBothNom",1,"nom","both"
"839","19","Q25","C1","BothNun",2,"nun","both"
"840","19","Q26","C8","OneLul",1,"lul","one"
"841","19","Q27","F17","noVOneNom",1,"nom","one"
"842","19","Q28","F16","noVBothNun",2,"nun","both"
"843","19","Q29","C10","OneNun",2,"nun","one"
"844","19","Q30","C5","OneLul",1,"lul","one"
"845","19","Q31","F18","noVBothNom",1,"nom","both"
"846","19","Q33","F14","noVBothNom",1,"nom","both"
"847","19","Q34","C12","BothLul",1,"lul","both"
"848","19","Q35","C13","OneNun",2,"nun","one"
"849","19","Q36","F5","VOneNom",1,"nom","one"
"850","19","Q37","C9","OneNun",2,"nun","one"
"851","19","Q38","C17","BothNun",2,"nun","both"
"852","19","Q39","F23","noVOneNun",2,"nun","one"
"853","19","Q40","C18","OneLul",1,"lul","one"
"854","19","Q41","F13","noVOneNom",1,"nom","one"
"855","19","Q42","C6","BothNun",2,"nun","both"
"856","19","Q44","C4","BothNun",2,"nun","both"
"857","19","Q45","F4","VBothNun",2,"nun","both"
"858","19","Q46","C21","BothLul",1,"lul","both"
"859","19","Q47","F11","VOneNun",1,"nun","one"
"860","19","Q48","C24","OneLul",1,"lul","one"
"861","19","Q49","F21","noVOneNom",1,"nom","one"
"862","19","Q50","C20","OneNun",2,"nun","one"
"863","19","Q51","F8","VBothNun",1,"nun","both"
"864","19","Q52","F19","noVOneNun",2,"nun","one"
"865","20","Q1","F22","noVBothNom",1,"nom","both"
"866","20","Q2","F7","VOneNun",1,"nun","one"
"867","20","Q3","C16","BothLul",1,"lul","both"
"868","20","Q4","F12","VBothNun",1,"nun","both"
"869","20","Q5","C23","OneNun",1,"nun","one"
"870","20","Q6","F6","VBothNom",1,"nom","both"
"871","20","Q7","C19","OneNun",2,"nun","one"
"872","20","Q8","C2","OneLul",2,"lul","one"
"873","20","Q9","F15","noVOneNun",2,"nun","one"
"874","20","Q11","F24","noVBothNun",2,"nun","both"
"875","20","Q12","C11","BothNun",1,"nun","both"
"876","20","Q13","C7","BothLul",2,"lul","both"
"877","20","Q14","F9","VOneNom",1,"nom","one"
"878","20","Q15","C3","BothNun",2,"nun","both"
"879","20","Q16","F20","noVBothNun",2,"nun","both"
"880","20","Q17","C15","OneNun",1,"nun","one"
"881","20","Q18","F2","VBothNom",2,"nom","both"
"882","20","Q19","C22","OneNun",1,"nun","one"
"883","20","Q20","F3","VOneNun",1,"nun","one"
"884","20","Q22","C14","OneLul",2,"lul","one"
"885","20","Q23","F1","VOneNom",1,"nom","one"
"886","20","Q24","F10","VBothNom",2,"nom","both"
"887","20","Q25","C1","OneLul",2,"lul","one"
"888","20","Q26","C8","BothNun",2,"nun","both"
"889","20","Q27","F17","noVOneNom",1,"nom","one"
"890","20","Q28","F16","noVBothNun",2,"nun","both"
"891","20","Q29","C10","BothLul",2,"lul","both"
"892","20","Q30","C5","BothNun",2,"nun","both"
"893","20","Q31","F18","noVBothNom",1,"nom","both"
"894","20","Q33","F14","noVBothNom",1,"nom","both"
"895","20","Q34","C12","OneNun",2,"nun","one"
"896","20","Q35","C13","BothLul",2,"lul","both"
"897","20","Q36","F5","VOneNom",1,"nom","one"
"898","20","Q37","C9","BothLul",2,"lul","both"
"899","20","Q38","C17","OneLul",2,"lul","one"
"900","20","Q39","F23","noVOneNun",2,"nun","one"
"901","20","Q40","C18","BothNun",2,"nun","both"
"902","20","Q41","F13","noVOneNom",1,"nom","one"
"903","20","Q42","C6","OneLul",2,"lul","one"
"904","20","Q44","C4","OneLul",2,"lul","one"
"905","20","Q45","F4","VBothNun",1,"nun","both"
"906","20","Q46","C21","OneNun",1,"nun","one"
"907","20","Q47","F11","VOneNun",1,"nun","one"
"908","20","Q48","C24","BothNun",2,"nun","both"
"909","20","Q49","F21","noVOneNom",1,"nom","one"
"910","20","Q50","C20","BothLul",2,"lul","both"
"911","20","Q51","F8","VBothNun",2,"nun","both"
"912","20","Q52","F19","noVOneNun",2,"nun","one"
"913","22","Q1","F22","noVBothNom",1,"nom","both"
"914","22","Q2","F7","VOneNun",2,"nun","one"
"915","22","Q3","C16","OneLul",2,"lul","one"
"916","22","Q4","F12","VBothNun",2,"nun","both"
"917","22","Q5","C23","BothNun",2,"nun","both"
"918","22","Q6","F6","VBothNom",2,"nom","both"
"919","22","Q7","C19","BothNun",1,"nun","both"
"920","22","Q8","C2","BothLul",2,"lul","both"
"921","22","Q9","F15","noVOneNun",2,"nun","one"
"922","22","Q11","F24","noVBothNun",2,"nun","both"
"923","22","Q12","C11","OneNun",2,"nun","one"
"924","22","Q13","C7","OneLul",2,"lul","one"
"925","22","Q14","F9","VOneNom",1,"nom","one"
"926","22","Q15","C3","OneNun",2,"nun","one"
"927","22","Q16","F20","noVBothNun",2,"nun","both"
"928","22","Q17","C15","BothNun",1,"nun","both"
"929","22","Q18","F2","VBothNom",2,"nom","both"
"930","22","Q19","C22","BothNun",1,"nun","both"
"931","22","Q20","F3","VOneNun",1,"nun","one"
"932","22","Q22","C14","BothLul",1,"lul","both"
"933","22","Q23","F1","VOneNom",1,"nom","one"
"934","22","Q24","F10","VBothNom",1,"nom","both"
"935","22","Q25","C1","BothLul",1,"lul","both"
"936","22","Q26","C8","OneNun",2,"nun","one"
"937","22","Q27","F17","noVOneNom",1,"nom","one"
"938","22","Q28","F16","noVBothNun",2,"nun","both"
"939","22","Q29","C10","OneLul",2,"lul","one"
"940","22","Q30","C5","OneNun",2,"nun","one"
"941","22","Q31","F18","noVBothNom",2,"nom","both"
"942","22","Q33","F14","noVBothNom",2,"nom","both"
"943","22","Q34","C12","BothNun",2,"nun","both"
"944","22","Q35","C13","OneLul",2,"lul","one"
"945","22","Q36","F5","VOneNom",1,"nom","one"
"946","22","Q37","C9","OneLul",1,"lul","one"
"947","22","Q38","C17","BothLul",2,"lul","both"
"948","22","Q39","F23","noVOneNun",2,"nun","one"
"949","22","Q40","C18","OneNun",2,"nun","one"
"950","22","Q41","F13","noVOneNom",2,"nom","one"
"951","22","Q42","C6","BothLul",2,"lul","both"
"952","22","Q44","C4","BothLul",2,"lul","both"
"953","22","Q45","F4","VBothNun",1,"nun","both"
"954","22","Q46","C21","BothNun",1,"nun","both"
"955","22","Q47","F11","VOneNun",1,"nun","one"
"956","22","Q48","C24","OneNun",1,"nun","one"
"957","22","Q49","F21","noVOneNom",2,"nom","one"
"958","22","Q50","C20","OneLul",2,"lul","one"
"959","22","Q51","F8","VBothNun",1,"nun","both"
"960","22","Q52","F19","noVOneNun",2,"nun","one"
"961","23","Q1","F22","noVBothNom",1,"nom","both"
"962","23","Q2","F7","VOneNun",2,"nun","one"
"963","23","Q3","C16","OneNun",2,"nun","one"
"964","23","Q4","F12","VBothNun",2,"nun","both"
"965","23","Q5","C23","BothLul",1,"lul","both"
"966","23","Q6","F6","VBothNom",1,"nom","both"
"967","23","Q7","C19","BothLul",1,"lul","both"
"968","23","Q8","C2","BothNun",2,"nun","both"
"969","23","Q9","F15","noVOneNun",2,"nun","one"
"970","23","Q11","F24","noVBothNun",2,"nun","both"
"971","23","Q12","C11","OneLul",1,"lul","one"
"972","23","Q13","C7","OneNun",2,"nun","one"
"973","23","Q14","F9","VOneNom",1,"nom","one"
"974","23","Q15","C3","OneLul",1,"lul","one"
"975","23","Q16","F20","noVBothNun",2,"nun","both"
"976","23","Q17","C15","BothLul",1,"lul","both"
"977","23","Q18","F2","VBothNom",1,"nom","both"
"978","23","Q19","C22","BothLul",1,"lul","both"
"979","23","Q20","F3","VOneNun",2,"nun","one"
"980","23","Q22","C14","BothNun",2,"nun","both"
"981","23","Q23","F1","VOneNom",1,"nom","one"
"982","23","Q24","F10","VBothNom",1,"nom","both"
"983","23","Q25","C1","BothNun",2,"nun","both"
"984","23","Q26","C8","OneLul",1,"lul","one"
"985","23","Q27","F17","noVOneNom",2,"nom","one"
"986","23","Q28","F16","noVBothNun",2,"nun","both"
"987","23","Q29","C10","OneNun",2,"nun","one"
"988","23","Q30","C5","OneLul",1,"lul","one"
"989","23","Q31","F18","noVBothNom",2,"nom","both"
"990","23","Q33","F14","noVBothNom",2,"nom","both"
"991","23","Q34","C12","BothLul",1,"lul","both"
"992","23","Q35","C13","OneNun",2,"nun","one"
"993","23","Q36","F5","VOneNom",1,"nom","one"
"994","23","Q37","C9","OneNun",2,"nun","one"
"995","23","Q38","C17","BothNun",2,"nun","both"
"996","23","Q39","F23","noVOneNun",2,"nun","one"
"997","23","Q40","C18","OneLul",1,"lul","one"
"998","23","Q41","F13","noVOneNom",2,"nom","one"
"999","23","Q42","C6","BothNun",2,"nun","both"
"1000","23","Q44","C4","BothNun",2,"nun","both"
"1001","23","Q45","F4","VBothNun",2,"nun","both"
"1002","23","Q46","C21","BothLul",2,"lul","both"
"1003","23","Q47","F11","VOneNun",1,"nun","one"
"1004","23","Q48","C24","OneLul",1,"lul","one"
"1005","23","Q49","F21","noVOneNom",2,"nom","one"
"1006","23","Q50","C20","OneNun",2,"nun","one"
"1007","23","Q51","F8","VBothNun",2,"nun","both"
"1008","23","Q52","F19","noVOneNun",2,"nun","one"
"1009","24","Q1","F22","noVBothNom",1,"nom","both"
"1010","24","Q2","F7","VOneNun",2,"nun","one"
"1011","24","Q3","C16","BothLul",2,"lul","both"
"1012","24","Q4","F12","VBothNun",1,"nun","both"
"1013","24","Q5","C23","OneNun",1,"nun","one"
"1014","24","Q6","F6","VBothNom",1,"nom","both"
"1015","24","Q7","C19","OneNun",2,"nun","one"
"1016","24","Q8","C2","OneLul",2,"lul","one"
"1017","24","Q9","F15","noVOneNun",2,"nun","one"
"1018","24","Q11","F24","noVBothNun",2,"nun","both"
"1019","24","Q12","C11","BothNun",2,"nun","both"
"1020","24","Q13","C7","BothLul",2,"lul","both"
"1021","24","Q14","F9","VOneNom",1,"nom","one"
"1022","24","Q15","C3","BothNun",2,"nun","both"
"1023","24","Q16","F20","noVBothNun",2,"nun","both"
"1024","24","Q17","C15","OneNun",1,"nun","one"
"1025","24","Q18","F2","VBothNom",1,"nom","both"
"1026","24","Q19","C22","OneNun",2,"nun","one"
"1027","24","Q20","F3","VOneNun",2,"nun","one"
"1028","24","Q22","C14","OneLul",1,"lul","one"
"1029","24","Q23","F1","VOneNom",1,"nom","one"
"1030","24","Q24","F10","VBothNom",1,"nom","both"
"1031","24","Q25","C1","OneLul",1,"lul","one"
"1032","24","Q26","C8","BothNun",2,"nun","both"
"1033","24","Q27","F17","noVOneNom",1,"nom","one"
"1034","24","Q28","F16","noVBothNun",2,"nun","both"
"1035","24","Q29","C10","BothLul",2,"lul","both"
"1036","24","Q30","C5","BothNun",2,"nun","both"
"1037","24","Q31","F18","noVBothNom",2,"nom","both"
"1038","24","Q33","F14","noVBothNom",2,"nom","both"
"1039","24","Q34","C12","OneNun",1,"nun","one"
"1040","24","Q35","C13","BothLul",2,"lul","both"
"1041","24","Q36","F5","VOneNom",1,"nom","one"
"1042","24","Q37","C9","BothLul",2,"lul","both"
"1043","24","Q38","C17","OneLul",1,"lul","one"
"1044","24","Q39","F23","noVOneNun",2,"nun","one"
"1045","24","Q40","C18","BothNun",2,"nun","both"
"1046","24","Q41","F13","noVOneNom",1,"nom","one"
"1047","24","Q42","C6","OneLul",1,"lul","one"
"1048","24","Q44","C4","OneLul",2,"lul","one"
"1049","24","Q45","F4","VBothNun",2,"nun","both"
"1050","24","Q46","C21","OneNun",1,"nun","one"
"1051","24","Q47","F11","VOneNun",1,"nun","one"
"1052","24","Q48","C24","BothNun",2,"nun","both"
"1053","24","Q49","F21","noVOneNom",2,"nom","one"
"1054","24","Q50","C20","BothLul",1,"lul","both"
"1055","24","Q51","F8","VBothNun",2,"nun","both"
"1056","24","Q52","F19","noVOneNun",2,"nun","one"
"1057","25","Q1","F22","noVBothNom",1,"nom","both"
"1058","25","Q2","F7","VOneNun",1,"nun","one"
"1059","25","Q3","C16","OneNun",2,"nun","one"
"1060","25","Q4","F12","VBothNun",1,"nun","both"
"1061","25","Q5","C23","BothLul",1,"lul","both"
"1062","25","Q6","F6","VBothNom",1,"nom","both"
"1063","25","Q7","C19","BothLul",1,"lul","both"
"1064","25","Q8","C2","BothNun",2,"nun","both"
"1065","25","Q9","F15","noVOneNun",2,"nun","one"
"1066","25","Q11","F24","noVBothNun",2,"nun","both"
"1067","25","Q12","C11","OneLul",1,"lul","one"
"1068","25","Q13","C7","OneNun",2,"nun","one"
"1069","25","Q14","F9","VOneNom",1,"nom","one"
"1070","25","Q15","C3","OneLul",2,"lul","one"
"1071","25","Q16","F20","noVBothNun",2,"nun","both"
"1072","25","Q17","C15","BothLul",2,"lul","both"
"1073","25","Q18","F2","VBothNom",1,"nom","both"
"1074","25","Q19","C22","BothLul",1,"lul","both"
"1075","25","Q20","F3","VOneNun",1,"nun","one"
"1076","25","Q22","C14","BothNun",2,"nun","both"
"1077","25","Q23","F1","VOneNom",1,"nom","one"
"1078","25","Q24","F10","VBothNom",1,"nom","both"
"1079","25","Q25","C1","BothNun",2,"nun","both"
"1080","25","Q26","C8","OneLul",2,"lul","one"
"1081","25","Q27","F17","noVOneNom",1,"nom","one"
"1082","25","Q28","F16","noVBothNun",2,"nun","both"
"1083","25","Q29","C10","OneNun",2,"nun","one"
"1084","25","Q30","C5","OneLul",2,"lul","one"
"1085","25","Q31","F18","noVBothNom",1,"nom","both"
"1086","25","Q33","F14","noVBothNom",2,"nom","both"
"1087","25","Q34","C12","BothLul",2,"lul","both"
"1088","25","Q35","C13","OneNun",2,"nun","one"
"1089","25","Q36","F5","VOneNom",1,"nom","one"
"1090","25","Q37","C9","OneNun",2,"nun","one"
"1091","25","Q38","C17","BothNun",2,"nun","both"
"1092","25","Q39","F23","noVOneNun",2,"nun","one"
"1093","25","Q40","C18","OneLul",1,"lul","one"
"1094","25","Q41","F13","noVOneNom",2,"nom","one"
"1095","25","Q42","C6","BothNun",1,"nun","both"
"1096","25","Q44","C4","BothNun",1,"nun","both"
"1097","25","Q45","F4","VBothNun",1,"nun","both"
"1098","25","Q46","C21","BothLul",2,"lul","both"
"1099","25","Q47","F11","VOneNun",1,"nun","one"
"1100","25","Q48","C24","OneLul",1,"lul","one"
"1101","25","Q49","F21","noVOneNom",1,"nom","one"
"1102","25","Q50","C20","OneNun",1,"nun","one"
"1103","25","Q51","F8","VBothNun",1,"nun","both"
"1104","25","Q52","F19","noVOneNun",2,"nun","one"
"1105","26","Q1","F22","noVBothNom",2,"nom","both"
"1106","26","Q2","F7","VOneNun",1,"nun","one"
"1107","26","Q3","C16","OneNun",1,"nun","one"
"1108","26","Q4","F12","VBothNun",2,"nun","both"
"1109","26","Q5","C23","BothLul",2,"lul","both"
"1110","26","Q6","F6","VBothNom",2,"nom","both"
"1111","26","Q7","C19","BothLul",2,"lul","both"
"1112","26","Q8","C2","BothNun",2,"nun","both"
"1113","26","Q9","F15","noVOneNun",2,"nun","one"
"1114","26","Q11","F24","noVBothNun",2,"nun","both"
"1115","26","Q12","C11","OneLul",2,"lul","one"
"1116","26","Q13","C7","OneNun",1,"nun","one"
"1117","26","Q14","F9","VOneNom",1,"nom","one"
"1118","26","Q15","C3","OneLul",2,"lul","one"
"1119","26","Q16","F20","noVBothNun",2,"nun","both"
"1120","26","Q17","C15","BothLul",2,"lul","both"
"1121","26","Q18","F2","VBothNom",2,"nom","both"
"1122","26","Q19","C22","BothLul",2,"lul","both"
"1123","26","Q20","F3","VOneNun",1,"nun","one"
"1124","26","Q22","C14","BothNun",2,"nun","both"
"1125","26","Q23","F1","VOneNom",1,"nom","one"
"1126","26","Q24","F10","VBothNom",2,"nom","both"
"1127","26","Q25","C1","BothNun",2,"nun","both"
"1128","26","Q26","C8","OneLul",1,"lul","one"
"1129","26","Q27","F17","noVOneNom",1,"nom","one"
"1130","26","Q28","F16","noVBothNun",2,"nun","both"
"1131","26","Q29","C10","OneNun",1,"nun","one"
"1132","26","Q30","C5","OneLul",1,"lul","one"
"1133","26","Q31","F18","noVBothNom",2,"nom","both"
"1134","26","Q33","F14","noVBothNom",2,"nom","both"
"1135","26","Q34","C12","BothLul",2,"lul","both"
"1136","26","Q35","C13","OneNun",1,"nun","one"
"1137","26","Q36","F5","VOneNom",1,"nom","one"
"1138","26","Q37","C9","OneNun",1,"nun","one"
"1139","26","Q38","C17","BothNun",2,"nun","both"
"1140","26","Q39","F23","noVOneNun",2,"nun","one"
"1141","26","Q40","C18","OneLul",2,"lul","one"
"1142","26","Q41","F13","noVOneNom",1,"nom","one"
"1143","26","Q42","C6","BothNun",2,"nun","both"
"1144","26","Q44","C4","BothNun",2,"nun","both"
"1145","26","Q45","F4","VBothNun",2,"nun","both"
"1146","26","Q46","C21","BothLul",2,"lul","both"
"1147","26","Q47","F11","VOneNun",1,"nun","one"
"1148","26","Q48","C24","OneLul",1,"lul","one"
"1149","26","Q49","F21","noVOneNom",1,"nom","one"
"1150","26","Q50","C20","OneNun",1,"nun","one"
"1151","26","Q51","F8","VBothNun",2,"nun","both"
"1152","26","Q52","F19","noVOneNun",2,"nun","one"
"1153","27","Q1","F22","noVBothNom",1,"nom","both"
"1154","27","Q2","F7","VOneNun",2,"nun","one"
"1155","27","Q3","C16","OneLul",2,"lul","one"
"1156","27","Q4","F12","VBothNun",1,"nun","both"
"1157","27","Q5","C23","BothNun",2,"nun","both"
"1158","27","Q6","F6","VBothNom",1,"nom","both"
"1159","27","Q7","C19","BothNun",2,"nun","both"
"1160","27","Q8","C2","BothLul",2,"lul","both"
"1161","27","Q9","F15","noVOneNun",2,"nun","one"
"1162","27","Q11","F24","noVBothNun",2,"nun","both"
"1163","27","Q12","C11","OneNun",1,"nun","one"
"1164","27","Q13","C7","OneLul",1,"lul","one"
"1165","27","Q14","F9","VOneNom",1,"nom","one"
"1166","27","Q15","C3","OneNun",2,"nun","one"
"1167","27","Q16","F20","noVBothNun",2,"nun","both"
"1168","27","Q17","C15","BothNun",2,"nun","both"
"1169","27","Q18","F2","VBothNom",1,"nom","both"
"1170","27","Q19","C22","BothNun",2,"nun","both"
"1171","27","Q20","F3","VOneNun",1,"nun","one"
"1172","27","Q22","C14","BothLul",2,"lul","both"
"1173","27","Q23","F1","VOneNom",1,"nom","one"
"1174","27","Q24","F10","VBothNom",1,"nom","both"
"1175","27","Q25","C1","BothLul",2,"lul","both"
"1176","27","Q26","C8","OneNun",1,"nun","one"
"1177","27","Q27","F17","noVOneNom",1,"nom","one"
"1178","27","Q28","F16","noVBothNun",2,"nun","both"
"1179","27","Q29","C10","OneLul",2,"lul","one"
"1180","27","Q30","C5","OneNun",1,"nun","one"
"1181","27","Q31","F18","noVBothNom",2,"nom","both"
"1182","27","Q33","F14","noVBothNom",2,"nom","both"
"1183","27","Q34","C12","BothNun",2,"nun","both"
"1184","27","Q35","C13","OneLul",1,"lul","one"
"1185","27","Q36","F5","VOneNom",1,"nom","one"
"1186","27","Q37","C9","OneLul",1,"lul","one"
"1187","27","Q38","C17","BothLul",2,"lul","both"
"1188","27","Q39","F23","noVOneNun",2,"nun","one"
"1189","27","Q40","C18","OneNun",1,"nun","one"
"1190","27","Q41","F13","noVOneNom",1,"nom","one"
"1191","27","Q42","C6","BothLul",2,"lul","both"
"1192","27","Q44","C4","BothLul",2,"lul","both"
"1193","27","Q45","F4","VBothNun",1,"nun","both"
"1194","27","Q46","C21","BothNun",2,"nun","both"
"1195","27","Q47","F11","VOneNun",1,"nun","one"
"1196","27","Q48","C24","OneNun",1,"nun","one"
"1197","27","Q49","F21","noVOneNom",1,"nom","one"
"1198","27","Q50","C20","OneLul",1,"lul","one"
"1199","27","Q51","F8","VBothNun",2,"nun","both"
"1200","27","Q52","F19","noVOneNun",2,"nun","one"
"1201","28","Q1","F22","noVBothNom",1,"nom","both"
"1202","28","Q2","F7","VOneNun",2,"nun","one"
"1203","28","Q3","C16","BothNun",2,"nun","both"
"1204","28","Q4","F12","VBothNun",2,"nun","both"
"1205","28","Q5","C23","OneLul",1,"lul","one"
"1206","28","Q6","F6","VBothNom",1,"nom","both"
"1207","28","Q7","C19","OneLul",1,"lul","one"
"1208","28","Q8","C2","OneNun",2,"nun","one"
"1209","28","Q9","F15","noVOneNun",2,"nun","one"
"1210","28","Q11","F24","noVBothNun",2,"nun","both"
"1211","28","Q12","C11","BothLul",1,"lul","both"
"1212","28","Q13","C7","BothNun",2,"nun","both"
"1213","28","Q14","F9","VOneNom",1,"nom","one"
"1214","28","Q15","C3","BothLul",1,"lul","both"
"1215","28","Q16","F20","noVBothNun",2,"nun","both"
"1216","28","Q17","C15","OneLul",1,"lul","one"
"1217","28","Q18","F2","VBothNom",1,"nom","both"
"1218","28","Q19","C22","OneLul",1,"lul","one"
"1219","28","Q20","F3","VOneNun",2,"nun","one"
"1220","28","Q22","C14","OneNun",2,"nun","one"
"1221","28","Q23","F1","VOneNom",1,"nom","one"
"1222","28","Q24","F10","VBothNom",1,"nom","both"
"1223","28","Q25","C1","OneNun",2,"nun","one"
"1224","28","Q26","C8","BothLul",1,"lul","both"
"1225","28","Q27","F17","noVOneNom",1,"nom","one"
"1226","28","Q28","F16","noVBothNun",2,"nun","both"
"1227","28","Q29","C10","BothNun",2,"nun","both"
"1228","28","Q30","C5","BothLul",1,"lul","both"
"1229","28","Q31","F18","noVBothNom",1,"nom","both"
"1230","28","Q33","F14","noVBothNom",1,"nom","both"
"1231","28","Q34","C12","OneLul",2,"lul","one"
"1232","28","Q35","C13","BothNun",2,"nun","both"
"1233","28","Q36","F5","VOneNom",1,"nom","one"
"1234","28","Q37","C9","BothNun",2,"nun","both"
"1235","28","Q38","C17","OneNun",2,"nun","one"
"1236","28","Q39","F23","noVOneNun",2,"nun","one"
"1237","28","Q40","C18","BothLul",1,"lul","both"
"1238","28","Q41","F13","noVOneNom",1,"nom","one"
"1239","28","Q42","C6","OneNun",2,"nun","one"
"1240","28","Q44","C4","OneNun",2,"nun","one"
"1241","28","Q45","F4","VBothNun",2,"nun","both"
"1242","28","Q46","C21","OneLul",1,"lul","one"
"1243","28","Q47","F11","VOneNun",2,"nun","one"
"1244","28","Q48","C24","BothLul",1,"lul","both"
"1245","28","Q49","F21","noVOneNom",1,"nom","one"
"1246","28","Q50","C20","BothNun",2,"nun","both"
"1247","28","Q51","F8","VBothNun",2,"nun","both"
"1248","28","Q52","F19","noVOneNun",2,"nun","one"
"1249","30","Q1","F22","noVBothNom",2,"nom","both"
"1250","30","Q2","F7","VOneNun",2,"nun","one"
"1251","30","Q3","C16","OneLul",2,"lul","one"
"1252","30","Q4","F12","VBothNun",2,"nun","both"
"1253","30","Q5","C23","BothNun",2,"nun","both"
"1254","30","Q6","F6","VBothNom",2,"nom","both"
"1255","30","Q7","C19","BothNun",2,"nun","both"
"1256","30","Q8","C2","BothLul",2,"lul","both"
"1257","30","Q9","F15","noVOneNun",2,"nun","one"
"1258","30","Q11","F24","noVBothNun",2,"nun","both"
"1259","30","Q12","C11","OneNun",1,"nun","one"
"1260","30","Q13","C7","OneLul",2,"lul","one"
"1261","30","Q14","F9","VOneNom",1,"nom","one"
"1262","30","Q15","C3","OneNun",1,"nun","one"
"1263","30","Q16","F20","noVBothNun",2,"nun","both"
"1264","30","Q17","C15","BothNun",2,"nun","both"
"1265","30","Q18","F2","VBothNom",2,"nom","both"
"1266","30","Q19","C22","BothNun",2,"nun","both"
"1267","30","Q20","F3","VOneNun",1,"nun","one"
"1268","30","Q22","C14","BothLul",2,"lul","both"
"1269","30","Q23","F1","VOneNom",1,"nom","one"
"1270","30","Q24","F10","VBothNom",2,"nom","both"
"1271","30","Q25","C1","BothLul",2,"lul","both"
"1272","30","Q26","C8","OneNun",1,"nun","one"
"1273","30","Q27","F17","noVOneNom",1,"nom","one"
"1274","30","Q28","F16","noVBothNun",2,"nun","both"
"1275","30","Q29","C10","OneLul",2,"lul","one"
"1276","30","Q30","C5","OneNun",1,"nun","one"
"1277","30","Q31","F18","noVBothNom",2,"nom","both"
"1278","30","Q33","F14","noVBothNom",2,"nom","both"
"1279","30","Q34","C12","BothNun",2,"nun","both"
"1280","30","Q35","C13","OneLul",1,"lul","one"
"1281","30","Q36","F5","VOneNom",1,"nom","one"
"1282","30","Q37","C9","OneLul",1,"lul","one"
"1283","30","Q38","C17","BothLul",2,"lul","both"
"1284","30","Q39","F23","noVOneNun",2,"nun","one"
"1285","30","Q40","C18","OneNun",1,"nun","one"
"1286","30","Q41","F13","noVOneNom",1,"nom","one"
"1287","30","Q42","C6","BothLul",2,"lul","both"
"1288","30","Q44","C4","BothLul",2,"lul","both"
"1289","30","Q45","F4","VBothNun",2,"nun","both"
"1290","30","Q46","C21","BothNun",2,"nun","both"
"1291","30","Q47","F11","VOneNun",1,"nun","one"
"1292","30","Q48","C24","OneNun",1,"nun","one"
"1293","30","Q49","F21","noVOneNom",1,"nom","one"
"1294","30","Q50","C20","OneLul",1,"lul","one"
"1295","30","Q51","F8","VBothNun",2,"nun","both"
"1296","30","Q52","F19","noVOneNun",2,"nun","one"
"1297","32","Q1","F22","noVBothNom",2,"nom","both"
"1298","32","Q2","F7","VOneNun",2,"nun","one"
"1299","32","Q3","C16","BothLul",1,"lul","both"
"1300","32","Q4","F12","VBothNun",2,"nun","both"
"1301","32","Q5","C23","OneNun",2,"nun","one"
"1302","32","Q6","F6","VBothNom",1,"nom","both"
"1303","32","Q7","C19","OneNun",2,"nun","one"
"1304","32","Q8","C2","OneLul",1,"lul","one"
"1305","32","Q9","F15","noVOneNun",2,"nun","one"
"1306","32","Q11","F24","noVBothNun",2,"nun","both"
"1307","32","Q12","C11","BothNun",2,"nun","both"
"1308","32","Q13","C7","BothLul",1,"lul","both"
"1309","32","Q14","F9","VOneNom",1,"nom","one"
"1310","32","Q15","C3","BothNun",2,"nun","both"
"1311","32","Q16","F20","noVBothNun",2,"nun","both"
"1312","32","Q17","C15","OneNun",2,"nun","one"
"1313","32","Q18","F2","VBothNom",1,"nom","both"
"1314","32","Q19","C22","OneNun",2,"nun","one"
"1315","32","Q20","F3","VOneNun",2,"nun","one"
"1316","32","Q22","C14","OneLul",1,"lul","one"
"1317","32","Q23","F1","VOneNom",1,"nom","one"
"1318","32","Q24","F10","VBothNom",1,"nom","both"
"1319","32","Q25","C1","OneLul",1,"lul","one"
"1320","32","Q26","C8","BothNun",2,"nun","both"
"1321","32","Q27","F17","noVOneNom",1,"nom","one"
"1322","32","Q28","F16","noVBothNun",2,"nun","both"
"1323","32","Q29","C10","BothLul",1,"lul","both"
"1324","32","Q30","C5","BothNun",2,"nun","both"
"1325","32","Q31","F18","noVBothNom",2,"nom","both"
"1326","32","Q33","F14","noVBothNom",1,"nom","both"
"1327","32","Q34","C12","OneNun",2,"nun","one"
"1328","32","Q35","C13","BothLul",1,"lul","both"
"1329","32","Q36","F5","VOneNom",1,"nom","one"
"1330","32","Q37","C9","BothLul",2,"lul","both"
"1331","32","Q38","C17","OneLul",1,"lul","one"
"1332","32","Q39","F23","noVOneNun",2,"nun","one"
"1333","32","Q40","C18","BothNun",2,"nun","both"
"1334","32","Q41","F13","noVOneNom",1,"nom","one"
"1335","32","Q42","C6","OneLul",1,"lul","one"
"1336","32","Q44","C4","OneLul",1,"lul","one"
"1337","32","Q45","F4","VBothNun",2,"nun","both"
"1338","32","Q46","C21","OneNun",2,"nun","one"
"1339","32","Q47","F11","VOneNun",2,"nun","one"
"1340","32","Q48","C24","BothNun",1,"nun","both"
"1341","32","Q49","F21","noVOneNom",1,"nom","one"
"1342","32","Q50","C20","BothLul",1,"lul","both"
"1343","32","Q51","F8","VBothNun",2,"nun","both"
"1344","32","Q52","F19","noVOneNun",1,"nun","one"
"1345","33","Q1","F22","noVBothNom",1,"nom","both"
"1346","33","Q2","F7","VOneNun",2,"nun","one"
"1347","33","Q3","C16","BothNun",2,"nun","both"
"1348","33","Q4","F12","VBothNun",1,"nun","both"
"1349","33","Q5","C23","OneLul",1,"lul","one"
"1350","33","Q6","F6","VBothNom",1,"nom","both"
"1351","33","Q7","C19","OneLul",1,"lul","one"
"1352","33","Q8","C2","OneNun",2,"nun","one"
"1353","33","Q9","F15","noVOneNun",2,"nun","one"
"1354","33","Q11","F24","noVBothNun",2,"nun","both"
"1355","33","Q12","C11","BothLul",1,"lul","both"
"1356","33","Q13","C7","BothNun",2,"nun","both"
"1357","33","Q14","F9","VOneNom",1,"nom","one"
"1358","33","Q15","C3","BothLul",1,"lul","both"
"1359","33","Q16","F20","noVBothNun",2,"nun","both"
"1360","33","Q17","C15","OneLul",1,"lul","one"
"1361","33","Q18","F2","VBothNom",1,"nom","both"
"1362","33","Q19","C22","OneLul",1,"lul","one"
"1363","33","Q20","F3","VOneNun",2,"nun","one"
"1364","33","Q22","C14","OneNun",2,"nun","one"
"1365","33","Q23","F1","VOneNom",1,"nom","one"
"1366","33","Q24","F10","VBothNom",1,"nom","both"
"1367","33","Q25","C1","OneNun",2,"nun","one"
"1368","33","Q26","C8","BothLul",1,"lul","both"
"1369","33","Q27","F17","noVOneNom",1,"nom","one"
"1370","33","Q28","F16","noVBothNun",2,"nun","both"
"1371","33","Q29","C10","BothNun",2,"nun","both"
"1372","33","Q30","C5","BothLul",1,"lul","both"
"1373","33","Q31","F18","noVBothNom",1,"nom","both"
"1374","33","Q33","F14","noVBothNom",1,"nom","both"
"1375","33","Q34","C12","OneLul",1,"lul","one"
"1376","33","Q35","C13","BothNun",2,"nun","both"
"1377","33","Q36","F5","VOneNom",1,"nom","one"
"1378","33","Q37","C9","BothNun",2,"nun","both"
"1379","33","Q38","C17","OneNun",2,"nun","one"
"1380","33","Q39","F23","noVOneNun",2,"nun","one"
"1381","33","Q40","C18","BothLul",1,"lul","both"
"1382","33","Q41","F13","noVOneNom",1,"nom","one"
"1383","33","Q42","C6","OneNun",2,"nun","one"
"1384","33","Q44","C4","OneNun",2,"nun","one"
"1385","33","Q45","F4","VBothNun",2,"nun","both"
"1386","33","Q46","C21","OneLul",1,"lul","one"
"1387","33","Q47","F11","VOneNun",2,"nun","one"
"1388","33","Q48","C24","BothLul",1,"lul","both"
"1389","33","Q49","F21","noVOneNom",1,"nom","one"
"1390","33","Q50","C20","BothNun",2,"nun","both"
"1391","33","Q51","F8","VBothNun",2,"nun","both"
"1392","33","Q52","F19","noVOneNun",2,"nun","one"
"1393","34","Q1","F22","noVBothNom",1,"nom","both"
"1394","34","Q2","F7","VOneNun",2,"nun","one"
"1395","34","Q3","C16","BothLul",1,"lul","both"
"1396","34","Q4","F12","VBothNun",1,"nun","both"
"1397","34","Q5","C23","OneNun",2,"nun","one"
"1398","34","Q6","F6","VBothNom",2,"nom","both"
"1399","34","Q7","C19","OneNun",1,"nun","one"
"1400","34","Q8","C2","OneLul",1,"lul","one"
"1401","34","Q9","F15","noVOneNun",2,"nun","one"
"1402","34","Q11","F24","noVBothNun",2,"nun","both"
"1403","34","Q12","C11","BothNun",1,"nun","both"
"1404","34","Q13","C7","BothLul",1,"lul","both"
"1405","34","Q14","F9","VOneNom",1,"nom","one"
"1406","34","Q15","C3","BothNun",1,"nun","both"
"1407","34","Q16","F20","noVBothNun",1,"nun","both"
"1408","34","Q17","C15","OneNun",2,"nun","one"
"1409","34","Q18","F2","VBothNom",1,"nom","both"
"1410","34","Q19","C22","OneNun",1,"nun","one"
"1411","34","Q20","F3","VOneNun",1,"nun","one"
"1412","34","Q22","C14","OneLul",2,"lul","one"
"1413","34","Q23","F1","VOneNom",1,"nom","one"
"1414","34","Q24","F10","VBothNom",1,"nom","both"
"1415","34","Q25","C1","OneLul",2,"lul","one"
"1416","34","Q26","C8","BothNun",2,"nun","both"
"1417","34","Q27","F17","noVOneNom",1,"nom","one"
"1418","34","Q28","F16","noVBothNun",2,"nun","both"
"1419","34","Q29","C10","BothLul",2,"lul","both"
"1420","34","Q30","C5","BothNun",2,"nun","both"
"1421","34","Q31","F18","noVBothNom",2,"nom","both"
"1422","34","Q33","F14","noVBothNom",2,"nom","both"
"1423","34","Q34","C12","OneNun",2,"nun","one"
"1424","34","Q35","C13","BothLul",1,"lul","both"
"1425","34","Q36","F5","VOneNom",2,"nom","one"
"1426","34","Q37","C9","BothLul",2,"lul","both"
"1427","34","Q38","C17","OneLul",2,"lul","one"
"1428","34","Q39","F23","noVOneNun",2,"nun","one"
"1429","34","Q40","C18","BothNun",2,"nun","both"
"1430","34","Q41","F13","noVOneNom",2,"nom","one"
"1431","34","Q42","C6","OneLul",2,"lul","one"
"1432","34","Q44","C4","OneLul",2,"lul","one"
"1433","34","Q45","F4","VBothNun",2,"nun","both"
"1434","34","Q46","C21","OneNun",1,"nun","one"
"1435","34","Q47","F11","VOneNun",1,"nun","one"
"1436","34","Q48","C24","BothNun",2,"nun","both"
"1437","34","Q49","F21","noVOneNom",2,"nom","one"
"1438","34","Q50","C20","BothLul",2,"lul","both"
"1439","34","Q51","F8","VBothNun",2,"nun","both"
"1440","34","Q52","F19","noVOneNun",1,"nun","one"
"1441","35","Q1","F22","noVBothNom",1,"nom","both"
"1442","35","Q2","F7","VOneNun",2,"nun","one"
"1443","35","Q3","C16","OneNun",2,"nun","one"
"1444","35","Q4","F12","VBothNun",1,"nun","both"
"1445","35","Q5","C23","BothLul",2,"lul","both"
"1446","35","Q6","F6","VBothNom",1,"nom","both"
"1447","35","Q7","C19","BothLul",1,"lul","both"
"1448","35","Q8","C2","BothNun",2,"nun","both"
"1449","35","Q9","F15","noVOneNun",2,"nun","one"
"1450","35","Q11","F24","noVBothNun",2,"nun","both"
"1451","35","Q12","C11","OneLul",2,"lul","one"
"1452","35","Q13","C7","OneNun",2,"nun","one"
"1453","35","Q14","F9","VOneNom",1,"nom","one"
"1454","35","Q15","C3","OneLul",1,"lul","one"
"1455","35","Q16","F20","noVBothNun",2,"nun","both"
"1456","35","Q17","C15","BothLul",2,"lul","both"
"1457","35","Q18","F2","VBothNom",1,"nom","both"
"1458","35","Q19","C22","BothLul",2,"lul","both"
"1459","35","Q20","F3","VOneNun",2,"nun","one"
"1460","35","Q22","C14","BothNun",2,"nun","both"
"1461","35","Q23","F1","VOneNom",1,"nom","one"
"1462","35","Q24","F10","VBothNom",1,"nom","both"
"1463","35","Q25","C1","BothNun",2,"nun","both"
"1464","35","Q26","C8","OneLul",2,"lul","one"
"1465","35","Q27","F17","noVOneNom",1,"nom","one"
"1466","35","Q28","F16","noVBothNun",2,"nun","both"
"1467","35","Q29","C10","OneNun",2,"nun","one"
"1468","35","Q30","C5","OneLul",2,"lul","one"
"1469","35","Q31","F18","noVBothNom",1,"nom","both"
"1470","35","Q33","F14","noVBothNom",1,"nom","both"
"1471","35","Q34","C12","BothLul",2,"lul","both"
"1472","35","Q35","C13","OneNun",2,"nun","one"
"1473","35","Q36","F5","VOneNom",1,"nom","one"
"1474","35","Q37","C9","OneNun",2,"nun","one"
"1475","35","Q38","C17","BothNun",2,"nun","both"
"1476","35","Q39","F23","noVOneNun",2,"nun","one"
"1477","35","Q40","C18","OneLul",2,"lul","one"
"1478","35","Q41","F13","noVOneNom",1,"nom","one"
"1479","35","Q42","C6","BothNun",2,"nun","both"
"1480","35","Q44","C4","BothNun",2,"nun","both"
"1481","35","Q45","F4","VBothNun",2,"nun","both"
"1482","35","Q46","C21","BothLul",1,"lul","both"
"1483","35","Q47","F11","VOneNun",2,"nun","one"
"1484","35","Q48","C24","OneLul",1,"lul","one"
"1485","35","Q49","F21","noVOneNom",1,"nom","one"
"1486","35","Q50","C20","OneNun",2,"nun","one"
"1487","35","Q51","F8","VBothNun",1,"nun","both"
"1488","35","Q52","F19","noVOneNun",2,"nun","one"
"1489","37","Q1","F22","noVBothNom",1,"nom","both"
"1490","37","Q2","F7","VOneNun",2,"nun","one"
"1491","37","Q3","C16","BothLul",1,"lul","both"
"1492","37","Q4","F12","VBothNun",1,"nun","both"
"1493","37","Q5","C23","OneNun",2,"nun","one"
"1494","37","Q6","F6","VBothNom",1,"nom","both"
"1495","37","Q7","C19","OneNun",2,"nun","one"
"1496","37","Q8","C2","OneLul",1,"lul","one"
"1497","37","Q9","F15","noVOneNun",2,"nun","one"
"1498","37","Q11","F24","noVBothNun",2,"nun","both"
"1499","37","Q12","C11","BothNun",2,"nun","both"
"1500","37","Q13","C7","BothLul",1,"lul","both"
"1501","37","Q14","F9","VOneNom",1,"nom","one"
"1502","37","Q15","C3","BothNun",2,"nun","both"
"1503","37","Q16","F20","noVBothNun",2,"nun","both"
"1504","37","Q17","C15","OneNun",1,"nun","one"
"1505","37","Q18","F2","VBothNom",1,"nom","both"
"1506","37","Q19","C22","OneNun",2,"nun","one"
"1507","37","Q20","F3","VOneNun",1,"nun","one"
"1508","37","Q22","C14","OneLul",2,"lul","one"
"1509","37","Q23","F1","VOneNom",1,"nom","one"
"1510","37","Q24","F10","VBothNom",1,"nom","both"
"1511","37","Q25","C1","OneLul",2,"lul","one"
"1512","37","Q26","C8","BothNun",2,"nun","both"
"1513","37","Q27","F17","noVOneNom",1,"nom","one"
"1514","37","Q28","F16","noVBothNun",2,"nun","both"
"1515","37","Q29","C10","BothLul",2,"lul","both"
"1516","37","Q30","C5","BothNun",2,"nun","both"
"1517","37","Q31","F18","noVBothNom",2,"nom","both"
"1518","37","Q33","F14","noVBothNom",2,"nom","both"
"1519","37","Q34","C12","OneNun",1,"nun","one"
"1520","37","Q35","C13","BothLul",2,"lul","both"
"1521","37","Q36","F5","VOneNom",1,"nom","one"
"1522","37","Q37","C9","BothLul",2,"lul","both"
"1523","37","Q38","C17","OneLul",1,"lul","one"
"1524","37","Q39","F23","noVOneNun",2,"nun","one"
"1525","37","Q40","C18","BothNun",2,"nun","both"
"1526","37","Q41","F13","noVOneNom",1,"nom","one"
"1527","37","Q42","C6","OneLul",2,"lul","one"
"1528","37","Q44","C4","OneLul",2,"lul","one"
"1529","37","Q45","F4","VBothNun",1,"nun","both"
"1530","37","Q46","C21","OneNun",2,"nun","one"
"1531","37","Q47","F11","VOneNun",1,"nun","one"
"1532","37","Q48","C24","BothNun",2,"nun","both"
"1533","37","Q49","F21","noVOneNom",1,"nom","one"
"1534","37","Q50","C20","BothLul",2,"lul","both"
"1535","37","Q51","F8","VBothNun",2,"nun","both"
"1536","37","Q52","F19","noVOneNun",1,"nun","one"
"1537","38","Q1","F22","noVBothNom",2,"nom","both"
"1538","38","Q2","F7","VOneNun",1,"nun","one"
"1539","38","Q3","C16","OneNun",1,"nun","one"
"1540","38","Q4","F12","VBothNun",2,"nun","both"
"1541","38","Q5","C23","BothLul",2,"lul","both"
"1542","38","Q6","F6","VBothNom",1,"nom","both"
"1543","38","Q7","C19","BothLul",1,"lul","both"
"1544","38","Q8","C2","BothNun",2,"nun","both"
"1545","38","Q9","F15","noVOneNun",2,"nun","one"
"1546","38","Q11","F24","noVBothNun",2,"nun","both"
"1547","38","Q12","C11","OneLul",1,"lul","one"
"1548","38","Q13","C7","OneNun",1,"nun","one"
"1549","38","Q14","F9","VOneNom",1,"nom","one"
"1550","38","Q15","C3","OneLul",1,"lul","one"
"1551","38","Q16","F20","noVBothNun",2,"nun","both"
"1552","38","Q17","C15","BothLul",2,"lul","both"
"1553","38","Q18","F2","VBothNom",1,"nom","both"
"1554","38","Q19","C22","BothLul",2,"lul","both"
"1555","38","Q20","F3","VOneNun",1,"nun","one"
"1556","38","Q22","C14","BothNun",2,"nun","both"
"1557","38","Q23","F1","VOneNom",1,"nom","one"
"1558","38","Q24","F10","VBothNom",2,"nom","both"
"1559","38","Q25","C1","BothNun",1,"nun","both"
"1560","38","Q26","C8","OneLul",1,"lul","one"
"1561","38","Q27","F17","noVOneNom",2,"nom","one"
"1562","38","Q28","F16","noVBothNun",1,"nun","both"
"1563","38","Q29","C10","OneNun",2,"nun","one"
"1564","38","Q30","C5","OneLul",2,"lul","one"
"1565","38","Q31","F18","noVBothNom",2,"nom","both"
"1566","38","Q33","F14","noVBothNom",1,"nom","both"
"1567","38","Q34","C12","BothLul",2,"lul","both"
"1568","38","Q35","C13","OneNun",2,"nun","one"
"1569","38","Q36","F5","VOneNom",1,"nom","one"
"1570","38","Q37","C9","OneNun",2,"nun","one"
"1571","38","Q38","C17","BothNun",1,"nun","both"
"1572","38","Q39","F23","noVOneNun",2,"nun","one"
"1573","38","Q40","C18","OneLul",2,"lul","one"
"1574","38","Q41","F13","noVOneNom",1,"nom","one"
"1575","38","Q42","C6","BothNun",1,"nun","both"
"1576","38","Q44","C4","BothNun",1,"nun","both"
"1577","38","Q45","F4","VBothNun",1,"nun","both"
"1578","38","Q46","C21","BothLul",2,"lul","both"
"1579","38","Q47","F11","VOneNun",2,"nun","one"
"1580","38","Q48","C24","OneLul",1,"lul","one"
"1581","38","Q49","F21","noVOneNom",1,"nom","one"
"1582","38","Q50","C20","OneNun",2,"nun","one"
"1583","38","Q51","F8","VBothNun",1,"nun","both"
"1584","38","Q52","F19","noVOneNun",2,"nun","one"
"1585","39","Q1","F22","noVBothNom",2,"nom","both"
"1586","39","Q2","F7","VOneNun",2,"nun","one"
"1587","39","Q3","C16","BothNun",2,"nun","both"
"1588","39","Q4","F12","VBothNun",2,"nun","both"
"1589","39","Q5","C23","OneLul",1,"lul","one"
"1590","39","Q6","F6","VBothNom",2,"nom","both"
"1591","39","Q7","C19","OneLul",1,"lul","one"
"1592","39","Q8","C2","OneNun",1,"nun","one"
"1593","39","Q9","F15","noVOneNun",2,"nun","one"
"1594","39","Q11","F24","noVBothNun",2,"nun","both"
"1595","39","Q12","C11","BothLul",2,"lul","both"
"1596","39","Q13","C7","BothNun",2,"nun","both"
"1597","39","Q14","F9","VOneNom",1,"nom","one"
"1598","39","Q15","C3","BothLul",2,"lul","both"
"1599","39","Q16","F20","noVBothNun",2,"nun","both"
"1600","39","Q17","C15","OneLul",1,"lul","one"
"1601","39","Q18","F2","VBothNom",2,"nom","both"
"1602","39","Q19","C22","OneLul",1,"lul","one"
"1603","39","Q20","F3","VOneNun",1,"nun","one"
"1604","39","Q22","C14","OneNun",1,"nun","one"
"1605","39","Q23","F1","VOneNom",2,"nom","one"
"1606","39","Q24","F10","VBothNom",2,"nom","both"
"1607","39","Q25","C1","OneNun",1,"nun","one"
"1608","39","Q26","C8","BothLul",2,"lul","both"
"1609","39","Q27","F17","noVOneNom",1,"nom","one"
"1610","39","Q28","F16","noVBothNun",2,"nun","both"
"1611","39","Q29","C10","BothNun",2,"nun","both"
"1612","39","Q30","C5","BothLul",2,"lul","both"
"1613","39","Q31","F18","noVBothNom",2,"nom","both"
"1614","39","Q33","F14","noVBothNom",2,"nom","both"
"1615","39","Q34","C12","OneLul",2,"lul","one"
"1616","39","Q35","C13","BothNun",2,"nun","both"
"1617","39","Q36","F5","VOneNom",1,"nom","one"
"1618","39","Q37","C9","BothNun",2,"nun","both"
"1619","39","Q38","C17","OneNun",2,"nun","one"
"1620","39","Q39","F23","noVOneNun",2,"nun","one"
"1621","39","Q40","C18","BothLul",2,"lul","both"
"1622","39","Q41","F13","noVOneNom",2,"nom","one"
"1623","39","Q42","C6","OneNun",2,"nun","one"
"1624","39","Q44","C4","OneNun",1,"nun","one"
"1625","39","Q45","F4","VBothNun",2,"nun","both"
"1626","39","Q46","C21","OneLul",1,"lul","one"
"1627","39","Q47","F11","VOneNun",1,"nun","one"
"1628","39","Q48","C24","BothLul",2,"lul","both"
"1629","39","Q49","F21","noVOneNom",1,"nom","one"
"1630","39","Q50","C20","BothNun",2,"nun","both"
"1631","39","Q51","F8","VBothNun",2,"nun","both"
"1632","39","Q52","F19","noVOneNun",2,"nun","one"
"1633","40","Q1","F22","noVBothNom",2,"nom","both"
"1634","40","Q2","F7","VOneNun",2,"nun","one"
"1635","40","Q3","C16","OneNun",1,"nun","one"
"1636","40","Q4","F12","VBothNun",2,"nun","both"
"1637","40","Q5","C23","BothLul",1,"lul","both"
"1638","40","Q6","F6","VBothNom",2,"nom","both"
"1639","40","Q7","C19","BothLul",1,"lul","both"
"1640","40","Q8","C2","BothNun",1,"nun","both"
"1641","40","Q9","F15","noVOneNun",2,"nun","one"
"1642","40","Q11","F24","noVBothNun",2,"nun","both"
"1643","40","Q12","C11","OneLul",1,"lul","one"
"1644","40","Q13","C7","OneNun",2,"nun","one"
"1645","40","Q14","F9","VOneNom",2,"nom","one"
"1646","40","Q15","C3","OneLul",2,"lul","one"
"1647","40","Q16","F20","noVBothNun",1,"nun","both"
"1648","40","Q17","C15","BothLul",1,"lul","both"
"1649","40","Q18","F2","VBothNom",2,"nom","both"
"1650","40","Q19","C22","BothLul",1,"lul","both"
"1651","40","Q20","F3","VOneNun",2,"nun","one"
"1652","40","Q22","C14","BothNun",1,"nun","both"
"1653","40","Q23","F1","VOneNom",2,"nom","one"
"1654","40","Q24","F10","VBothNom",2,"nom","both"
"1655","40","Q25","C1","BothNun",1,"nun","both"
"1656","40","Q26","C8","OneLul",2,"lul","one"
"1657","40","Q27","F17","noVOneNom",1,"nom","one"
"1658","40","Q28","F16","noVBothNun",1,"nun","both"
"1659","40","Q29","C10","OneNun",2,"nun","one"
"1660","40","Q30","C5","OneLul",2,"lul","one"
"1661","40","Q31","F18","noVBothNom",2,"nom","both"
"1662","40","Q33","F14","noVBothNom",2,"nom","both"
"1663","40","Q34","C12","BothLul",1,"lul","both"
"1664","40","Q35","C13","OneNun",2,"nun","one"
"1665","40","Q36","F5","VOneNom",2,"nom","one"
"1666","40","Q37","C9","OneNun",2,"nun","one"
"1667","40","Q38","C17","BothNun",2,"nun","both"
"1668","40","Q39","F23","noVOneNun",2,"nun","one"
"1669","40","Q40","C18","OneLul",2,"lul","one"
"1670","40","Q41","F13","noVOneNom",1,"nom","one"
"1671","40","Q42","C6","BothNun",2,"nun","both"
"1672","40","Q44","C4","BothNun",2,"nun","both"
"1673","40","Q45","F4","VBothNun",2,"nun","both"
"1674","40","Q46","C21","BothLul",1,"lul","both"
"1675","40","Q47","F11","VOneNun",1,"nun","one"
"1676","40","Q48","C24","OneLul",2,"lul","one"
"1677","40","Q49","F21","noVOneNom",1,"nom","one"
"1678","40","Q50","C20","OneNun",2,"nun","one"
"1679","40","Q51","F8","VBothNun",1,"nun","both"
"1680","40","Q52","F19","noVOneNun",2,"nun","one"
